case,nodes,variables,median_seconds
qsynth_ea:1,90,2,0.000121929
qsynth_ea:2,147,3,0.000118119
qsynth_ea:3,197,2,0.000176220
qsynth_ea:4,148,3,0.000598518
qsynth_ea:5,88,2,0.000019420
qsynth_ea:6,65,2,0.000089939
qsynth_ea:7,83,2,0.000048740
qsynth_ea:8,245,2,0.000211989
qsynth_ea:9,153,3,0.000085940
qsynth_ea:10,1293,2,0.001310455
qsynth_ea:11,65,2,0.000064790
qsynth_ea:12,711,2,0.000424508
qsynth_ea:13,539,2,0.001462435
qsynth_ea:14,118,2,0.000082649
qsynth_ea:15,115,2,0.000038770
qsynth_ea:16,226,3,0.000669328
qsynth_ea:17,99,3,0.000091579
qsynth_ea:18,52,3,0.000048760
qsynth_ea:19,319,2,0.000410359
qsynth_ea:20,167,3,0.000430758
qsynth_ea:21,111,2,0.000072190
qsynth_ea:22,210,3,0.001768584
qsynth_ea:23,353,3,0.000349679
qsynth_ea:24,123,3,0.000115629
qsynth_ea:25,179,2,0.000220989
qsynth_ea:26,381,3,0.001832424
qsynth_ea:27,1081,3,0.000472788
qsynth_ea:28,141,3,0.000263659
qsynth_ea:29,32,3,0.000041590
qsynth_ea:30,97,2,0.000213019
qsynth_ea:31,441,3,0.000300579
qsynth_ea:32,55,2,0.000182760
qsynth_ea:33,564,2,0.000254679
qsynth_ea:34,1581,3,0.015101097
qsynth_ea:35,71,2,0.000046040
qsynth_ea:36,22,2,0.000037340
qsynth_ea:37,105,3,0.000283279
qsynth_ea:38,175,2,0.000215199
qsynth_ea:39,101,2,0.000033110
qsynth_ea:40,118,2,0.000077040
qsynth_ea:41,300,3,0.001065666
qsynth_ea:42,54,1,0.000052900
qsynth_ea:43,1097,3,0.002763499
qsynth_ea:44,81,2,0.000023360
qsynth_ea:45,428,3,0.000200950
qsynth_ea:46,93,3,0.000159239
qsynth_ea:47,187,3,0.000584168
qsynth_ea:48,75,3,0.000268809
qsynth_ea:49,693,3,0.000967646
qsynth_ea:50,101,3,0.000381629
qsynth_ea:51,94,3,0.000636657
qsynth_ea:52,159,2,0.000133850
qsynth_ea:53,505,3,0.002001443
qsynth_ea:54,415,3,0.000449939
qsynth_ea:55,213,3,0.000408638
qsynth_ea:56,522,3,0.001186866
qsynth_ea:57,945,2,0.001689405
qsynth_ea:58,81,3,0.000073560
qsynth_ea:59,445,2,0.000189580
qsynth_ea:60,165,2,0.000092360
qsynth_ea:61,237,3,0.000253369
qsynth_ea:62,411,3,0.001310836
qsynth_ea:63,56,2,0.000045020
qsynth_ea:64,46,2,0.000032710
qsynth_ea:65,336,3,0.000793138
qsynth_ea:66,811,2,0.001581784
qsynth_ea:67,248,3,0.000282789
qsynth_ea:68,41,2,0.000038290
qsynth_ea:69,51,2,0.000041449
qsynth_ea:70,141,2,0.000148510
qsynth_ea:71,657,2,0.001539894
qsynth_ea:72,36,2,0.000013390
qsynth_ea:73,34,1,0.000007090
qsynth_ea:74,166,2,0.000630048
qsynth_ea:75,579,3,0.000255250
qsynth_ea:76,22,1,0.000023330
qsynth_ea:77,136,2,0.000188509
qsynth_ea:78,271,3,0.000262629
qsynth_ea:79,72,2,0.000019110
qsynth_ea:80,121,2,0.000065720
qsynth_ea:81,139,2,0.000112879
qsynth_ea:82,65,2,0.000035020
qsynth_ea:83,386,2,0.000141720
qsynth_ea:84,45,2,0.000048869
qsynth_ea:85,62,2,0.000036590
qsynth_ea:86,207,2,0.000616438
qsynth_ea:87,545,3,0.003057108
qsynth_ea:88,156,3,0.000158420
qsynth_ea:89,159,2,0.000215959
qsynth_ea:90,88,2,0.000120080
qsynth_ea:91,72,2,0.000081179
qsynth_ea:92,134,3,0.000111150
qsynth_ea:93,85,2,0.000197269
qsynth_ea:94,137,3,0.000183040
qsynth_ea:95,263,2,0.000236199
qsynth_ea:96,27,3,0.000029180
qsynth_ea:97,132,2,0.000026380
qsynth_ea:98,369,3,0.000553289
qsynth_ea:99,146,3,0.000133740
qsynth_ea:100,653,3,0.000176410
qsynth_ea:101,428,2,0.005364271
qsynth_ea:102,104,2,0.000080019
qsynth_ea:103,37,1,0.000028970
qsynth_ea:104,44,2,0.000204300
qsynth_ea:105,814,3,0.002857199
qsynth_ea:106,302,2,0.003682318
qsynth_ea:107,259,2,0.000763677
qsynth_ea:108,160,2,0.000697997
qsynth_ea:109,224,3,0.000116430
qsynth_ea:110,52,2,0.000070949
qsynth_ea:111,509,2,0.000599448
qsynth_ea:112,121,3,0.000090810
qsynth_ea:113,41,2,0.000063970
qsynth_ea:114,147,2,0.000169939
qsynth_ea:115,233,2,0.000390479
qsynth_ea:116,75,2,0.000019360
qsynth_ea:117,40,2,0.000094460
qsynth_ea:118,392,3,0.000891787
qsynth_ea:119,1267,2,0.000424318
qsynth_ea:120,86,3,0.000250929
qsynth_ea:121,91,2,0.000063580
qsynth_ea:122,132,2,0.000100420
qsynth_ea:123,52,2,0.000010400
qsynth_ea:124,395,3,0.001265285
qsynth_ea:125,211,3,0.000377368
qsynth_ea:126,90,2,0.000080710
qsynth_ea:127,170,2,0.000496548
qsynth_ea:128,117,1,0.000070919
qsynth_ea:129,45,2,0.000041250
qsynth_ea:130,76,3,0.000134860
qsynth_ea:131,1049,2,0.000340009
qsynth_ea:132,100,2,0.000237579
qsynth_ea:133,16,2,0.000026900
qsynth_ea:134,209,2,0.000385849
qsynth_ea:135,349,2,0.000415319
qsynth_ea:136,98,2,0.000297759
qsynth_ea:137,261,3,0.000368389
qsynth_ea:138,55,2,0.000102510
qsynth_ea:139,190,3,0.000316649
qsynth_ea:140,410,2,0.001438015
qsynth_ea:141,236,2,0.000364498
qsynth_ea:142,72,3,0.000081410
qsynth_ea:143,249,3,0.000278749
qsynth_ea:144,156,2,0.000239179
qsynth_ea:145,173,2,0.000315949
qsynth_ea:146,32,2,0.000058360
qsynth_ea:147,143,2,0.000176599
qsynth_ea:148,353,3,0.000874657
qsynth_ea:149,254,2,0.000859667
qsynth_ea:150,262,3,0.000315548
qsynth_ea:151,690,2,0.000681737
qsynth_ea:152,143,2,0.000053490
qsynth_ea:153,621,2,0.004003706
qsynth_ea:154,230,3,0.001603624
qsynth_ea:155,140,2,0.000036920
qsynth_ea:156,327,3,0.000339289
qsynth_ea:157,114,2,0.000242669
qsynth_ea:158,143,2,0.000582188
qsynth_ea:159,138,3,0.000184080
qsynth_ea:160,90,3,0.000088120
qsynth_ea:161,341,2,0.003787326
qsynth_ea:162,24,2,0.000015280
qsynth_ea:163,1925,2,0.002964550
qsynth_ea:164,334,2,0.000402739
qsynth_ea:165,370,2,0.001641773
qsynth_ea:166,419,3,0.000157430
qsynth_ea:167,87,3,0.000511618
qsynth_ea:168,211,2,0.000876997
qsynth_ea:169,510,3,0.000468258
qsynth_ea:170,560,2,0.000114179
qsynth_ea:171,92,2,0.000047440
qsynth_ea:172,259,2,0.000101990
qsynth_ea:173,232,2,0.000297089
qsynth_ea:174,111,3,0.000366118
qsynth_ea:175,1037,3,0.001056667
qsynth_ea:176,166,3,0.000418169
qsynth_ea:177,220,2,0.000211619
qsynth_ea:178,48,2,0.000032220
qsynth_ea:179,48,3,0.000046480
qsynth_ea:180,473,3,0.002729660
qsynth_ea:181,70,2,0.000077400
qsynth_ea:182,47,2,0.000048549
qsynth_ea:183,161,3,0.000605998
qsynth_ea:184,38,2,0.000027470
qsynth_ea:185,171,2,0.000161379
qsynth_ea:186,861,3,0.007872973
qsynth_ea:187,1188,2,0.000295148
qsynth_ea:188,325,3,0.000778757
qsynth_ea:189,196,3,0.000223979
qsynth_ea:190,51,1,0.000016220
qsynth_ea:191,41,2,0.000102509
qsynth_ea:192,53,3,0.000031779
qsynth_ea:193,504,2,0.000707527
qsynth_ea:194,459,3,0.001398965
qsynth_ea:195,186,3,0.000362969
qsynth_ea:196,416,2,0.000289109
qsynth_ea:197,153,3,0.000564908
qsynth_ea:198,83,3,0.000165790
qsynth_ea:199,329,2,0.000613858
qsynth_ea:200,89,2,0.000171329
qsynth_ea:201,277,3,0.000907507
qsynth_ea:202,605,2,0.001225355
qsynth_ea:203,169,3,0.000307218
qsynth_ea:204,116,3,0.000541758
qsynth_ea:205,183,2,0.000216079
qsynth_ea:206,212,2,0.000649727
qsynth_ea:207,240,2,0.000297489
qsynth_ea:208,129,2,0.000111179
qsynth_ea:209,137,2,0.000126190
qsynth_ea:210,273,2,0.000570408
qsynth_ea:211,450,2,0.004540205
qsynth_ea:212,192,3,0.000058320
qsynth_ea:213,117,3,0.000747607
qsynth_ea:214,1025,2,0.000040610
qsynth_ea:215,552,3,0.003843077
qsynth_ea:216,907,3,0.001000066
qsynth_ea:217,453,3,0.003840737
qsynth_ea:218,301,3,0.000294119
qsynth_ea:219,443,2,0.000479698
qsynth_ea:220,392,2,0.000297869
qsynth_ea:221,193,3,0.000219179
qsynth_ea:222,537,2,0.001584295
qsynth_ea:223,143,2,0.000163949
qsynth_ea:224,148,2,0.000174229
qsynth_ea:225,45,2,0.000024420
qsynth_ea:226,177,1,0.000044520
qsynth_ea:227,123,3,0.000078250
qsynth_ea:228,405,2,0.000507558
qsynth_ea:229,806,1,0.001790544
qsynth_ea:230,21,2,0.000007320
qsynth_ea:231,217,3,0.000831507
qsynth_ea:232,75,3,0.000103189
qsynth_ea:233,243,2,0.000293249
qsynth_ea:234,423,2,0.002816961
qsynth_ea:235,437,2,0.001084576
qsynth_ea:236,97,1,0.000343968
qsynth_ea:237,303,2,0.000166890
qsynth_ea:238,351,2,0.000920127
qsynth_ea:239,125,1,0.000136199
qsynth_ea:240,265,2,0.000904107
qsynth_ea:241,93,2,0.000356269
qsynth_ea:242,164,2,0.000382418
qsynth_ea:243,310,3,0.000355619
qsynth_ea:244,189,2,0.000447278
qsynth_ea:245,62,2,0.000122569
qsynth_ea:246,108,3,0.000231919
qsynth_ea:247,127,2,0.000060140
qsynth_ea:248,51,3,0.000119700
qsynth_ea:249,666,2,0.001390505
qsynth_ea:250,153,2,0.000095060
qsynth_ea:251,167,2,0.000037170
qsynth_ea:252,101,3,0.000363209
qsynth_ea:253,98,3,0.000075350
qsynth_ea:254,199,2,0.000146929
qsynth_ea:255,144,3,0.000375028
qsynth_ea:256,144,2,0.000185600
qsynth_ea:257,56,3,0.000037650
qsynth_ea:258,296,3,0.000442009
qsynth_ea:259,118,3,0.000231319
qsynth_ea:260,225,3,0.001116857
qsynth_ea:261,16,1,0.000013760
qsynth_ea:262,269,2,0.000790688
qsynth_ea:263,684,3,0.001815614
qsynth_ea:264,346,2,0.000157000
qsynth_ea:265,96,2,0.000149900
qsynth_ea:266,236,2,0.000108179
qsynth_ea:267,495,3,0.007417904
qsynth_ea:268,185,2,0.000255769
qsynth_ea:269,163,3,0.000087039
qsynth_ea:270,152,2,0.000865887
qsynth_ea:271,294,3,0.001998353
qsynth_ea:272,467,3,0.001308395
qsynth_ea:273,81,2,0.000027270
qsynth_ea:274,248,2,0.000509008
qsynth_ea:275,99,3,0.000113320
qsynth_ea:276,636,3,0.000956746
qsynth_ea:277,393,2,0.003413238
qsynth_ea:278,414,2,0.000615328
qsynth_ea:279,69,1,0.000037800
qsynth_ea:280,444,2,0.000577318
qsynth_ea:281,102,2,0.000055450
qsynth_ea:282,175,2,0.000369989
qsynth_ea:283,1845,2,0.003637787
qsynth_ea:284,397,2,0.000360679
qsynth_ea:285,56,3,0.000031460
qsynth_ea:286,356,2,0.000134640
qsynth_ea:287,76,2,0.000140079
qsynth_ea:288,357,3,0.000021900
qsynth_ea:289,289,2,0.000466339
qsynth_ea:290,99,2,0.000120369
qsynth_ea:291,242,3,0.000054000
qsynth_ea:292,626,2,0.000762618
qsynth_ea:293,221,2,0.000626248
qsynth_ea:294,219,2,0.000813367
qsynth_ea:295,191,2,0.000632428
qsynth_ea:296,971,2,0.001826784
qsynth_ea:297,181,2,0.000091580
qsynth_ea:298,1105,2,0.004049257
qsynth_ea:299,102,2,0.000100139
qsynth_ea:300,172,2,0.000414269
qsynth_ea:301,184,2,0.000121059
qsynth_ea:302,73,2,0.000063630
qsynth_ea:303,178,2,0.001056026
qsynth_ea:304,645,2,0.000184929
qsynth_ea:305,468,3,0.002038453
qsynth_ea:306,429,3,0.000332949
qsynth_ea:307,264,1,0.000068560
qsynth_ea:308,90,3,0.000070880
qsynth_ea:309,125,3,0.000406269
qsynth_ea:310,212,2,0.000087220
qsynth_ea:311,99,2,0.000077760
qsynth_ea:312,226,2,0.000222330
qsynth_ea:313,409,2,0.000263099
qsynth_ea:314,302,2,0.001169906
qsynth_ea:315,144,2,0.000099990
qsynth_ea:316,423,2,0.002140163
qsynth_ea:317,332,2,0.000183000
qsynth_ea:318,127,2,0.000446289
qsynth_ea:319,125,1,0.000033139
qsynth_ea:320,315,2,0.000366999
qsynth_ea:321,81,2,0.000027890
qsynth_ea:322,115,2,0.000284629
qsynth_ea:323,102,2,0.000058220
qsynth_ea:324,64,2,0.000099479
qsynth_ea:325,72,2,0.000079110
qsynth_ea:326,309,3,0.000209339
qsynth_ea:327,593,3,0.001533115
qsynth_ea:328,198,3,0.000251779
qsynth_ea:329,391,3,0.001507855
qsynth_ea:330,488,3,0.003155809
qsynth_ea:331,112,2,0.000299419
qsynth_ea:332,345,2,0.000735608
qsynth_ea:333,410,2,0.000099970
qsynth_ea:334,272,2,0.000061180
qsynth_ea:335,35,2,0.000009349
qsynth_ea:336,133,2,0.000058530
qsynth_ea:337,561,2,0.000654028
qsynth_ea:338,238,2,0.000104709
qsynth_ea:339,233,3,0.000117599
qsynth_ea:340,27,3,0.000080070
qsynth_ea:341,181,3,0.000186199
qsynth_ea:342,105,2,0.000062420
qsynth_ea:343,209,3,0.000796437
qsynth_ea:344,42,2,0.000026720
qsynth_ea:345,42,3,0.000068770
qsynth_ea:346,467,3,0.002218983
qsynth_ea:347,31,2,0.000013070
qsynth_ea:348,73,2,0.000104529
qsynth_ea:349,100,3,0.000714698
qsynth_ea:350,179,2,0.000452109
qsynth_ea:351,372,2,0.001225355
qsynth_ea:352,353,3,0.000152920
qsynth_ea:353,48,2,0.000241999
qsynth_ea:354,553,3,0.005509800
qsynth_ea:355,116,2,0.000063260
qsynth_ea:356,1073,3,0.005110452
qsynth_ea:357,46,3,0.000065170
qsynth_ea:358,289,2,0.000101659
qsynth_ea:359,241,2,0.000322169
qsynth_ea:360,31,2,0.000080659
qsynth_ea:361,23,2,0.000009360
qsynth_ea:362,425,2,0.000194799
qsynth_ea:363,323,2,0.000155819
qsynth_ea:364,94,1,0.000094360
qsynth_ea:365,905,3,0.005482161
qsynth_ea:366,148,2,0.000099540
qsynth_ea:367,114,2,0.000141890
qsynth_ea:368,275,2,0.000197969
qsynth_ea:369,560,2,0.001752594
qsynth_ea:370,119,2,0.000683578
qsynth_ea:371,539,2,0.000668568
qsynth_ea:372,35,2,0.000048740
qsynth_ea:373,354,3,0.000692217
qsynth_ea:374,393,2,0.003042150
qsynth_ea:375,258,2,0.000747298
qsynth_ea:376,49,2,0.000026819
qsynth_ea:377,56,3,0.000270159
qsynth_ea:378,36,3,0.000077719
qsynth_ea:379,299,3,0.001826483
qsynth_ea:380,862,2,0.006325757
qsynth_ea:381,34,2,0.000035610
qsynth_ea:382,1009,2,0.005705799
qsynth_ea:383,597,2,0.000525888
qsynth_ea:384,58,2,0.000109439
qsynth_ea:385,268,2,0.000397979
qsynth_ea:386,442,3,0.001374556
qsynth_ea:387,397,3,0.000409399
qsynth_ea:388,77,2,0.000063620
qsynth_ea:389,44,2,0.000059620
qsynth_ea:390,45,2,0.000073690
qsynth_ea:391,393,2,0.003303078
qsynth_ea:392,190,2,0.000172370
qsynth_ea:393,203,2,0.000014960
qsynth_ea:394,183,2,0.000341839
qsynth_ea:395,54,1,0.000072050
qsynth_ea:396,69,2,0.000044750
qsynth_ea:397,113,2,0.000153890
qsynth_ea:398,77,2,0.000046720
qsynth_ea:399,165,3,0.000435558
qsynth_ea:400,122,2,0.000019390
qsynth_ea:401,86,3,0.000051630
qsynth_ea:402,248,2,0.001165235
qsynth_ea:403,76,2,0.000053240
qsynth_ea:404,252,3,0.001693213
qsynth_ea:405,280,2,0.000166120
qsynth_ea:406,595,3,0.000293049
qsynth_ea:407,372,2,0.000101539
qsynth_ea:408,119,3,0.000079760
qsynth_ea:409,67,2,0.000027150
qsynth_ea:410,46,3,0.000056160
qsynth_ea:411,271,3,0.001111325
qsynth_ea:412,81,2,0.000399119
qsynth_ea:413,46,2,0.000037790
qsynth_ea:414,254,2,0.000662698
qsynth_ea:415,50,1,0.000068680
qsynth_ea:416,129,3,0.000055419
qsynth_ea:417,111,3,0.000137580
qsynth_ea:418,127,2,0.000160999
qsynth_ea:419,154,3,0.000083539
qsynth_ea:420,419,2,0.000404338
qsynth_ea:421,260,2,0.001295196
qsynth_ea:422,606,2,0.000652828
qsynth_ea:423,113,2,0.000168329
qsynth_ea:424,24,2,0.000008790
qsynth_ea:425,2641,2,0.008973378
qsynth_ea:426,245,2,0.000114600
qsynth_ea:427,394,3,0.000979377
qsynth_ea:428,94,2,0.000130200
qsynth_ea:429,301,2,0.000339179
qsynth_ea:430,359,3,0.002595191
qsynth_ea:431,115,2,0.000171989
qsynth_ea:432,47,2,0.000083550
qsynth_ea:433,299,3,0.000986916
qsynth_ea:434,121,2,0.000273019
qsynth_ea:435,127,3,0.000016270
qsynth_ea:436,132,2,0.000138870
qsynth_ea:437,57,2,0.000013230
qsynth_ea:438,229,3,0.001363935
qsynth_ea:439,20,3,0.000008350
qsynth_ea:440,480,2,0.000098840
qsynth_ea:441,43,2,0.000015179
qsynth_ea:442,921,2,0.003701787
qsynth_ea:443,243,2,0.000258519
qsynth_ea:444,401,3,0.001841874
qsynth_ea:445,213,3,0.000549058
qsynth_ea:446,161,3,0.000058960
qsynth_ea:447,164,3,0.000290569
qsynth_ea:448,227,2,0.000075369
qsynth_ea:449,63,2,0.000062770
qsynth_ea:450,139,2,0.000219789
qsynth_ea:451,57,3,0.000074379
qsynth_ea:452,671,3,0.015256367
qsynth_ea:453,145,2,0.000057830
qsynth_ea:454,104,2,0.000404138
qsynth_ea:455,450,2,0.000050410
qsynth_ea:456,348,2,0.000174989
qsynth_ea:457,441,3,0.000821658
qsynth_ea:458,642,2,0.000232119
qsynth_ea:459,60,3,0.000053920
qsynth_ea:460,45,2,0.000078319
qsynth_ea:461,1461,2,0.000517418
qsynth_ea:462,493,3,0.000550298
qsynth_ea:463,30,1,0.000065949
qsynth_ea:464,93,2,0.000105310
qsynth_ea:465,457,3,0.001345396
qsynth_ea:466,158,2,0.000186279
qsynth_ea:467,390,2,0.000152489
qsynth_ea:468,149,3,0.000273209
qsynth_ea:469,41,2,0.000013930
qsynth_ea:470,102,3,0.000060300
qsynth_ea:471,93,2,0.000104580
qsynth_ea:472,168,3,0.000370559
qsynth_ea:473,27,2,0.000009270
qsynth_ea:474,72,3,0.000959617
qsynth_ea:475,149,2,0.000346129
qsynth_ea:476,600,3,0.000385078
qsynth_ea:477,284,3,0.001262776
qsynth_ea:478,220,2,0.000017610
qsynth_ea:479,67,2,0.000077780
qsynth_ea:480,92,3,0.000028020
qsynth_ea:481,348,3,0.001574774
qsynth_ea:482,29,1,0.000010910
qsynth_ea:483,88,2,0.000245419
qsynth_ea:484,246,2,0.000693998
qsynth_ea:485,1189,2,0.000054360
qsynth_ea:486,244,3,0.001936134
qsynth_ea:487,64,2,0.000074110
qsynth_ea:488,194,2,0.000175799
qsynth_ea:489,93,2,0.000054009
qsynth_ea:490,674,3,0.014739799
qsynth_ea:491,17,1,0.000029150
qsynth_ea:492,200,2,0.000231279
qsynth_ea:493,1013,3,0.003448969
qsynth_ea:494,970,3,0.004655195
qsynth_ea:495,30,3,0.000010560
qsynth_ea:496,341,2,0.000236079
qsynth_ea:497,90,2,0.000075900
qsynth_ea:498,199,2,0.000044820
qsynth_ea:499,65,2,0.000047909
qsynth_ea:500,541,3,0.000529258
