dataset	line	retained_pass	required_id	edge_source_ordinary_id	edge_ordinary_p7e_id	edge_p7e_retained_id	diagnostic_id	source_hash	ordinary_hash	after_p7e_hash	retained_hash	best_hash	required_pair_hash	required_residual_hash	chain_hash
loki_tiny.csv	1841	p7e	required_p7e_loki_tiny_csv_1841	edge0_source_ordinary_loki_tiny_csv_1841	edge1_ordinary_p7e_loki_tiny_csv_1841	edge2_p7e_loki_tiny_csv_1841	diagnostic_p9l_base_loki_tiny_csv_1841	64012ec646a4a584	da4ca7dfde7a6acd	3d54a8dc81ba06e8	3d54a8dc81ba06e8	536a9b6c358c7562	351b6d51027d42ad	c9dd4fd316e5cfa6	c33870b9432c252f
loki_tiny.csv	2319	p9l	required_p9l_loki_tiny_csv_2319	edge0_source_ordinary_loki_tiny_csv_2319	edge1_ordinary_p7e_loki_tiny_csv_2319	edge2_p9l_loki_tiny_csv_2319	diagnostic_p9l_base_loki_tiny_csv_2319	600267fd1ddc2900	02a9072c164e073d	02a9072c164e073d	536a9b6c358c7562	536a9b6c358c7562	c7324a22e620de53	0925f5e514cf6df8	68c4eaed4fe02558
loki_tiny.csv	2499	p9l	required_p9l_loki_tiny_csv_2499	edge0_source_ordinary_loki_tiny_csv_2499	edge1_ordinary_p7e_loki_tiny_csv_2499	edge2_p9l_loki_tiny_csv_2499	diagnostic_p9l_base_loki_tiny_csv_2499	1e1abe7221b78248	6a058e4ea4798759	6a058e4ea4798759	536a9b6c358c7562	536a9b6c358c7562	f18ccba1f54189e7	5597fbbb01b8e5a0	c20a0cea8acb74f9
loki_tiny.csv	2631	p9l	required_p9l_loki_tiny_csv_2631	edge0_source_ordinary_loki_tiny_csv_2631	edge1_ordinary_p7e_loki_tiny_csv_2631	edge2_p9l_loki_tiny_csv_2631	diagnostic_p9l_base_loki_tiny_csv_2631	347f1fe67abb77f2	02a9072c164e073d	02a9072c164e073d	536a9b6c358c7562	536a9b6c358c7562	d29a2d79efeb823d	7126a2d43e839e5c	6aea3033c70b378d
loki_tiny.csv	2729	p9l	required_p9l_loki_tiny_csv_2729	edge0_source_ordinary_loki_tiny_csv_2729	edge1_ordinary_p7e_loki_tiny_csv_2729	edge2_p9l_loki_tiny_csv_2729	diagnostic_p9l_base_loki_tiny_csv_2729	3cca663f7b6dcaf6	19bb0c861144fa16	19bb0c861144fa16	536a9b6c358c7562	536a9b6c358c7562	7373551289465fff	564dad6e6d408fbc	4bc74d4c76100ecf
loki_tiny.csv	2772	p7e	required_p7e_loki_tiny_csv_2772	edge0_source_ordinary_loki_tiny_csv_2772	edge1_ordinary_p7e_loki_tiny_csv_2772	edge2_p7e_loki_tiny_csv_2772	diagnostic_p9l_base_loki_tiny_csv_2772	965150440b25d8e6	ee09dc9a0032fdc3	3d54a8dc81ba06e8	3d54a8dc81ba06e8	536a9b6c358c7562	3471a3891bf0d42f	5a28a02470e47ac0	23f3916884d0d445
loki_tiny.csv	2929	p9l	required_p9l_loki_tiny_csv_2929	edge0_source_ordinary_loki_tiny_csv_2929	edge1_ordinary_p7e_loki_tiny_csv_2929	edge2_p9l_loki_tiny_csv_2929	diagnostic_p9l_base_loki_tiny_csv_2929	c34a655a2ba5cefd	a579aa5fdee94edb	a579aa5fdee94edb	536a9b6c358c7562	536a9b6c358c7562	5fbf3ec73346792e	1ff36ddc1e153a61	15c1618b18b11cce
loki_tiny.csv	3312	p9l	required_p9l_loki_tiny_csv_3312	edge0_source_ordinary_loki_tiny_csv_3312	edge1_ordinary_p7e_loki_tiny_csv_3312	edge2_p9l_loki_tiny_csv_3312	diagnostic_p9l_base_loki_tiny_csv_3312	5c2a12e11418d78a	3c75bc9ca19eeef4	3c75bc9ca19eeef4	536a9b6c358c7562	536a9b6c358c7562	b1f25029beecf8b5	b3322d6e24be9562	22b92889e512eba2
loki_tiny.csv	3424	p9l	required_p9l_loki_tiny_csv_3424	edge0_source_ordinary_loki_tiny_csv_3424	edge1_ordinary_p7e_loki_tiny_csv_3424	edge2_p9l_loki_tiny_csv_3424	diagnostic_p9l_base_loki_tiny_csv_3424	2d804cc05e4bf49d	4bd336b6e4d4bbec	4bd336b6e4d4bbec	536a9b6c358c7562	536a9b6c358c7562	7a2920d68bbee2d0	71ae33fb0cdb2aa7	846069b89543ba65
loki_tiny.csv	3894	p9l	required_p9l_loki_tiny_csv_3894	edge0_source_ordinary_loki_tiny_csv_3894	edge1_ordinary_p7e_loki_tiny_csv_3894	edge2_p9l_loki_tiny_csv_3894	diagnostic_p9l_base_loki_tiny_csv_3894	2aaa2388af75a554	bbca1d7dfeb0a104	bbca1d7dfeb0a104	536a9b6c358c7562	536a9b6c358c7562	0681592326a1badb	0f50050c2976e82e	b7e67208a1fea366
loki_tiny.csv	3919	p9l	required_p9l_loki_tiny_csv_3919	edge0_source_ordinary_loki_tiny_csv_3919	edge1_ordinary_p7e_loki_tiny_csv_3919	edge2_p9l_loki_tiny_csv_3919	diagnostic_p9l_base_loki_tiny_csv_3919	d7c76e62b6d6e1e8	90fc4760dbd8d094	90fc4760dbd8d094	536a9b6c358c7562	536a9b6c358c7562	60a95fb7ea6ab621	71830a01c3aca2b2	2aa83291f71eeb19
loki_tiny.csv	3928	p7e	required_p7e_loki_tiny_csv_3928	edge0_source_ordinary_loki_tiny_csv_3928	edge1_ordinary_p7e_loki_tiny_csv_3928	edge2_p7e_loki_tiny_csv_3928	diagnostic_p9l_base_loki_tiny_csv_3928	fc24849cb5ec9666	89d5747db5e42801	3d54a8dc81ba06e8	3d54a8dc81ba06e8	536a9b6c358c7562	528e6902ecb36b3b	247c6fa1e756a2ac	b6fbd79594edf355
loki_tiny.csv	3979	p7e	required_p7e_loki_tiny_csv_3979	edge0_source_ordinary_loki_tiny_csv_3979	edge1_ordinary_p7e_loki_tiny_csv_3979	edge2_p7e_loki_tiny_csv_3979	diagnostic_p9l_base_loki_tiny_csv_3979	e28f4276654333b3	a38bad52c39406cc	3d54a8dc81ba06e8	3d54a8dc81ba06e8	536a9b6c358c7562	ac14efec2ce417ba	bc58601c43598fad	d303e1512fdff067
loki_tiny.csv	4081	p9l	required_p9l_loki_tiny_csv_4081	edge0_source_ordinary_loki_tiny_csv_4081	edge1_ordinary_p7e_loki_tiny_csv_4081	edge2_p9l_loki_tiny_csv_4081	diagnostic_p9l_base_loki_tiny_csv_4081	fa72b3d68c43fd13	6611679f2ca405b3	6611679f2ca405b3	536a9b6c358c7562	536a9b6c358c7562	65ce940036eaf260	375e2f12ebf484a3	715570b2877be6cd
loki_tiny.csv	4087	p9l	required_p9l_loki_tiny_csv_4087	edge0_source_ordinary_loki_tiny_csv_4087	edge1_ordinary_p7e_loki_tiny_csv_4087	edge2_p9l_loki_tiny_csv_4087	diagnostic_p9l_base_loki_tiny_csv_4087	3a49d1546fb36fc3	4ea8f659da4fef4b	4ea8f659da4fef4b	536a9b6c358c7562	536a9b6c358c7562	1833fa93d7a97da6	e6707fd66a3b5a75	318de5ea8ca9bc94
loki_tiny.csv	4220	p9l	required_p9l_loki_tiny_csv_4220	edge0_source_ordinary_loki_tiny_csv_4220	edge1_ordinary_p7e_loki_tiny_csv_4220	edge2_p9l_loki_tiny_csv_4220	diagnostic_p9l_base_loki_tiny_csv_4220	21eda0d53536a9c0	a97f9ff414cddcae	a97f9ff414cddcae	536a9b6c358c7562	536a9b6c358c7562	34d7f89764915bf7	0bc975f1537df1cc	40a7b9f603e1b389
loki_tiny.csv	4310	p9l	required_p9l_loki_tiny_csv_4310	edge0_source_ordinary_loki_tiny_csv_4310	edge1_ordinary_p7e_loki_tiny_csv_4310	edge2_p9l_loki_tiny_csv_4310	diagnostic_p9l_base_loki_tiny_csv_4310	c0532d64b8664890	e25521ba6d4f93ba	e25521ba6d4f93ba	536a9b6c358c7562	536a9b6c358c7562	1c06298fcbd42deb	e3be6ade98d76fcc	34365d061f0399e2
loki_tiny.csv	4549	p9l	required_p9l_loki_tiny_csv_4549	edge0_source_ordinary_loki_tiny_csv_4549	edge1_ordinary_p7e_loki_tiny_csv_4549	edge2_p9l_loki_tiny_csv_4549	diagnostic_p9l_base_loki_tiny_csv_4549	79c24b7db36c856b	5d696029f350dd32	5d696029f350dd32	536a9b6c358c7562	536a9b6c358c7562	399bf2277e12730c	8b6542bfb83b0287	d214d1bb4fdc5fc8
loki_tiny.csv	4581	p7e	required_p7e_loki_tiny_csv_4581	edge0_source_ordinary_loki_tiny_csv_4581	edge1_ordinary_p7e_loki_tiny_csv_4581	edge2_p7e_loki_tiny_csv_4581	diagnostic_p9l_base_loki_tiny_csv_4581	51e69a47c72e2179	40d0d2a40d48a266	3d54a8dc81ba06e8	3d54a8dc81ba06e8	536a9b6c358c7562	44a508493a9bd91c	8ebe1fd3df41cde7	a512908a21ad5b05
loki_tiny.csv	4583	p9l	required_p9l_loki_tiny_csv_4583	edge0_source_ordinary_loki_tiny_csv_4583	edge1_ordinary_p7e_loki_tiny_csv_4583	edge2_p9l_loki_tiny_csv_4583	diagnostic_p9l_base_loki_tiny_csv_4583	06b8b88f500a5055	47ba2b8f3ae47056	47ba2b8f3ae47056	536a9b6c358c7562	536a9b6c358c7562	654186a15ca6903a	a500753b3368016b	fe0ed24f6cf3cd8a
loki_tiny.csv	4752	p9l	required_p9l_loki_tiny_csv_4752	edge0_source_ordinary_loki_tiny_csv_4752	edge1_ordinary_p7e_loki_tiny_csv_4752	edge2_p9l_loki_tiny_csv_4752	diagnostic_p9l_base_loki_tiny_csv_4752	611045838a2e32e2	926f92ba0a92f553	926f92ba0a92f553	536a9b6c358c7562	536a9b6c358c7562	5275af9cc9931d8d	1191e905ae2a6452	2095443ee677fc0b
loki_tiny.csv	4900	p7e	required_p7e_loki_tiny_csv_4900	edge0_source_ordinary_loki_tiny_csv_4900	edge1_ordinary_p7e_loki_tiny_csv_4900	edge2_p7e_loki_tiny_csv_4900	diagnostic_p9l_base_loki_tiny_csv_4900	c8886ee4f084e9cf	f2f2563b5f90027e	3d54a8dc81ba06e8	3d54a8dc81ba06e8	536a9b6c358c7562	ff818c54ec9bcb88	d7d51f0af799b273	2a743bf09e8ae3ea
loki_tiny.csv	4917	p7e	required_p7e_loki_tiny_csv_4917	edge0_source_ordinary_loki_tiny_csv_4917	edge1_ordinary_p7e_loki_tiny_csv_4917	edge2_p7e_loki_tiny_csv_4917	diagnostic_p9l_base_loki_tiny_csv_4917	2029cd4582cbd778	c4b20b9cf1330761	3d54a8dc81ba06e8	3d54a8dc81ba06e8	536a9b6c358c7562	ebceb3aa19876485	c7d6a461f51c17b6	9752491ca1b6cf49
loki_tiny.csv	7246	p9l	required_p9l_loki_tiny_csv_7246	edge0_source_ordinary_loki_tiny_csv_7246	edge1_ordinary_p7e_loki_tiny_csv_7246	edge2_p9l_loki_tiny_csv_7246	diagnostic_p9l_base_loki_tiny_csv_7246	2a5450f512760dc2	cce29d160f434d4c	cce29d160f434d4c	4ccc852f0e53a6dc	4ccc852f0e53a6dc	bf426e9229c00ba1	a797c91072ed0fe6	480bb53bba21ed52
loki_tiny.csv	7492	p9l	required_p9l_loki_tiny_csv_7492	edge0_source_ordinary_loki_tiny_csv_7492	edge1_ordinary_p7e_loki_tiny_csv_7492	edge2_p9l_loki_tiny_csv_7492	diagnostic_p9l_base_loki_tiny_csv_7492	dd5730c181d51c67	6ad6496312b8d2ea	6ad6496312b8d2ea	4ccc852f0e53a6dc	4ccc852f0e53a6dc	2f025322be0364fe	1afc89ecdf1e19d1	bcf7b31972776a28
loki_tiny.csv	8173	p9l	required_p9l_loki_tiny_csv_8173	edge0_source_ordinary_loki_tiny_csv_8173	edge1_ordinary_p7e_loki_tiny_csv_8173	edge2_p9l_loki_tiny_csv_8173	diagnostic_p9l_base_loki_tiny_csv_8173	02dd1d0d53179382	045187b6b31666af	045187b6b31666af	4ccc852f0e53a6dc	4ccc852f0e53a6dc	7d9ce84363325b11	80ff5fdc58bd3576	0f228c9a0e44a264
loki_tiny.csv	8341	p9l	required_p9l_loki_tiny_csv_8341	edge0_source_ordinary_loki_tiny_csv_8341	edge1_ordinary_p7e_loki_tiny_csv_8341	edge2_p9l_loki_tiny_csv_8341	diagnostic_p9l_base_loki_tiny_csv_8341	3abdad425058dea0	b0eb3583a75fd613	b0eb3583a75fd613	4ccc852f0e53a6dc	4ccc852f0e53a6dc	52950706313fae09	f79bc1c6e113ba56	605fbdc31f473cf2
loki_tiny.csv	8584	p9l	required_p9l_loki_tiny_csv_8584	edge0_source_ordinary_loki_tiny_csv_8584	edge1_ordinary_p7e_loki_tiny_csv_8584	edge2_p9l_loki_tiny_csv_8584	diagnostic_p9l_base_loki_tiny_csv_8584	038e13d1381b8eb2	085f8e0123b37323	085f8e0123b37323	4ccc852f0e53a6dc	4ccc852f0e53a6dc	1ca6d7ada5a7360f	0baac812fd9d5e0c	a32f8ab87f500af6
loki_tiny.csv	8982	p9l	required_p9l_loki_tiny_csv_8982	edge0_source_ordinary_loki_tiny_csv_8982	edge1_ordinary_p7e_loki_tiny_csv_8982	edge2_p9l_loki_tiny_csv_8982	diagnostic_p9l_base_loki_tiny_csv_8982	b285834185a50ae7	e8f10dc0115bccec	e8f10dc0115bccec	4ccc852f0e53a6dc	4ccc852f0e53a6dc	7dff34dfec77f4fa	d2c68b65fc2a7f87	4a3696216a098f29
loki_tiny.csv	9594	p9l	required_p9l_loki_tiny_csv_9594	edge0_source_ordinary_loki_tiny_csv_9594	edge1_ordinary_p7e_loki_tiny_csv_9594	edge2_p9l_loki_tiny_csv_9594	diagnostic_p9l_base_loki_tiny_csv_9594	14e170dfda156727	72a40252251857bc	72a40252251857bc	4ccc852f0e53a6dc	4ccc852f0e53a6dc	e6dc5bf6ac8406ea	5f2aec992de49fd5	00acade61c549200
loki_tiny.csv	9810	p9l	required_p9l_loki_tiny_csv_9810	edge0_source_ordinary_loki_tiny_csv_9810	edge1_ordinary_p7e_loki_tiny_csv_9810	edge2_p9l_loki_tiny_csv_9810	diagnostic_p9l_base_loki_tiny_csv_9810	4902c6d8cd26a8d2	2405651caae1ef86	2405651caae1ef86	4ccc852f0e53a6dc	4ccc852f0e53a6dc	102fa85a557d6413	2f721252a19b87ac	32483d8382035f71
loki_tiny.csv	11431	p9l	required_p9l_loki_tiny_csv_11431	edge0_source_ordinary_loki_tiny_csv_11431	edge1_ordinary_p7e_loki_tiny_csv_11431	edge2_p9l_loki_tiny_csv_11431	diagnostic_p9l_base_loki_tiny_csv_11431	2d66055e64418b2c	99cb1a2ad730d671	99cb1a2ad730d671	22845ff142c4aa6c	22845ff142c4aa6c	8428063c5c8350a3	e71292a86357ddcc	5fd40d4e472bb66f
loki_tiny.csv	12529	p9l	required_p9l_loki_tiny_csv_12529	edge0_source_ordinary_loki_tiny_csv_12529	edge1_ordinary_p7e_loki_tiny_csv_12529	edge2_p9l_loki_tiny_csv_12529	diagnostic_p9l_base_loki_tiny_csv_12529	b101615a7c438321	8a12b280d0831f58	8a12b280d0831f58	22845ff142c4aa6c	22845ff142c4aa6c	af1788275639d104	2b55eade2f20db41	8abafd26f8d4c6de
loki_tiny.csv	12689	p9l	required_p9l_loki_tiny_csv_12689	edge0_source_ordinary_loki_tiny_csv_12689	edge1_ordinary_p7e_loki_tiny_csv_12689	edge2_p9l_loki_tiny_csv_12689	diagnostic_p9l_base_loki_tiny_csv_12689	3b3e4e19515091ae	f1c0ed5ba99047a4	f1c0ed5ba99047a4	22845ff142c4aa6c	22845ff142c4aa6c	300a8ad773e90dd5	ec1abb9f32a9bf8e	596f226bbde1a112
loki_tiny.csv	13078	p9l	required_p9l_loki_tiny_csv_13078	edge0_source_ordinary_loki_tiny_csv_13078	edge1_ordinary_p7e_loki_tiny_csv_13078	edge2_p9l_loki_tiny_csv_13078	diagnostic_p9l_base_loki_tiny_csv_13078	f61d2dc1deafbd23	a055f0cecbbdbbdc	a055f0cecbbdbbdc	22845ff142c4aa6c	22845ff142c4aa6c	e2ba483b2cb152ae	eb986e5e1e0b3a63	3c5545e9810bc5bb
loki_tiny.csv	13174	p9l	required_p9l_loki_tiny_csv_13174	edge0_source_ordinary_loki_tiny_csv_13174	edge1_ordinary_p7e_loki_tiny_csv_13174	edge2_p9l_loki_tiny_csv_13174	diagnostic_p9l_base_loki_tiny_csv_13174	f8189a9c5865a4c2	40c3d6831dca013e	40c3d6831dca013e	22845ff142c4aa6c	22845ff142c4aa6c	6d03434ed72127b3	2d8d5e2c6540180c	930ce0795fc52822
loki_tiny.csv	13238	p7e	required_p7e_loki_tiny_csv_13238	edge0_source_ordinary_loki_tiny_csv_13238	edge1_ordinary_p7e_loki_tiny_csv_13238	edge2_p7e_loki_tiny_csv_13238	diagnostic_p9l_base_loki_tiny_csv_13238	67441f2950002beb	54e9d8b2837362ea	21feb9deab5d4a5a	21feb9deab5d4a5a	22845ff142c4aa6c	36dfda161dd304a8	bdc660bae0ac0501	47153a2225419faf
loki_tiny.csv	13752	p7e	required_p7e_loki_tiny_csv_13752	edge0_source_ordinary_loki_tiny_csv_13752	edge1_ordinary_p7e_loki_tiny_csv_13752	edge2_p7e_loki_tiny_csv_13752	diagnostic_p9l_base_loki_tiny_csv_13752	a1d757e9007344fa	3faae9d7110ce82e	21feb9deab5d4a5a	21feb9deab5d4a5a	22845ff142c4aa6c	ff300d66542e896b	74bd29fb9eea2290	11e1b7dd83e4526d
loki_tiny.csv	14143	p9l	required_p9l_loki_tiny_csv_14143	edge0_source_ordinary_loki_tiny_csv_14143	edge1_ordinary_p7e_loki_tiny_csv_14143	edge2_p9l_loki_tiny_csv_14143	diagnostic_p9l_base_loki_tiny_csv_14143	65464b78cc3f3e83	ff6c232f18eba5d5	ff6c232f18eba5d5	22845ff142c4aa6c	22845ff142c4aa6c	16a1993732c90ac4	97e571f3905b90b1	05ad5c517c2d0b00
loki_tiny.csv	14221	p9l	required_p9l_loki_tiny_csv_14221	edge0_source_ordinary_loki_tiny_csv_14221	edge1_ordinary_p7e_loki_tiny_csv_14221	edge2_p9l_loki_tiny_csv_14221	diagnostic_p9l_base_loki_tiny_csv_14221	1ae0dcee629d605f	78da9144414ba2dc	78da9144414ba2dc	22845ff142c4aa6c	22845ff142c4aa6c	acb63e50c0eceaa8	c553f106fa48cdfd	dacc88c78b88d930
loki_tiny.csv	14369	p9l	required_p9l_loki_tiny_csv_14369	edge0_source_ordinary_loki_tiny_csv_14369	edge1_ordinary_p7e_loki_tiny_csv_14369	edge2_p9l_loki_tiny_csv_14369	diagnostic_p9l_base_loki_tiny_csv_14369	701f118054e14490	9d4620667e21ec3c	9d4620667e21ec3c	22845ff142c4aa6c	22845ff142c4aa6c	36172e569fdb53dd	9179fa0cb8627326	ada6f548d769d5fc
loki_tiny.csv	14497	p9l	required_p9l_loki_tiny_csv_14497	edge0_source_ordinary_loki_tiny_csv_14497	edge1_ordinary_p7e_loki_tiny_csv_14497	edge2_p9l_loki_tiny_csv_14497	diagnostic_p9l_base_loki_tiny_csv_14497	1498cffffadf1862	b9bf876ea62e06f4	b9bf876ea62e06f4	22845ff142c4aa6c	22845ff142c4aa6c	31e05a9118ac51c5	e1f3c1db31ecdc2e	65b48857af339af2
loki_tiny.csv	14545	p9l	required_p9l_loki_tiny_csv_14545	edge0_source_ordinary_loki_tiny_csv_14545	edge1_ordinary_p7e_loki_tiny_csv_14545	edge2_p9l_loki_tiny_csv_14545	diagnostic_p9l_base_loki_tiny_csv_14545	7feacd7e0a5f1917	c97023925da1a56c	c97023925da1a56c	22845ff142c4aa6c	22845ff142c4aa6c	8c83a716c6fcde4c	62ccd1edc442b9c9	cc3430a1778587da
loki_tiny.csv	16073	p9l	required_p9l_loki_tiny_csv_16073	edge0_source_ordinary_loki_tiny_csv_16073	edge1_ordinary_p7e_loki_tiny_csv_16073	edge2_p9l_loki_tiny_csv_16073	diagnostic_p9l_base_loki_tiny_csv_16073	fa69cb27569f28f2	6eb8567fc108a341	6eb8567fc108a341	a4cfaed11e2fee97	a4cfaed11e2fee97	b67c2ea0e080e9ca	14eb88d8164fbf31	a3427f79e2259c28
loki_tiny.csv	17380	p9l	required_p9l_loki_tiny_csv_17380	edge0_source_ordinary_loki_tiny_csv_17380	edge1_ordinary_p7e_loki_tiny_csv_17380	edge2_p9l_loki_tiny_csv_17380	diagnostic_p9l_base_loki_tiny_csv_17380	1c2d1fee3e47421c	fae114f48be88635	fae114f48be88635	a4cfaed11e2fee97	a4cfaed11e2fee97	f225b554ffa8dad0	a90e52ed3cb3ef8f	50c669b844e3be30
loki_tiny.csv	17524	p9l	required_p9l_loki_tiny_csv_17524	edge0_source_ordinary_loki_tiny_csv_17524	edge1_ordinary_p7e_loki_tiny_csv_17524	edge2_p9l_loki_tiny_csv_17524	diagnostic_p9l_base_loki_tiny_csv_17524	c4157435951ad5aa	2cabb893a92579ac	2cabb893a92579ac	a4cfaed11e2fee97	a4cfaed11e2fee97	dc7a106bc8169b70	3ae7c3ca5f3957c7	3c5252e06e5a2dd6
loki_tiny.csv	17578	p9l	required_p9l_loki_tiny_csv_17578	edge0_source_ordinary_loki_tiny_csv_17578	edge1_ordinary_p7e_loki_tiny_csv_17578	edge2_p9l_loki_tiny_csv_17578	diagnostic_p9l_base_loki_tiny_csv_17578	b5ad2221e750b54c	e1ed809cd68fe74f	e1ed809cd68fe74f	a4cfaed11e2fee97	a4cfaed11e2fee97	46dad5222dc2e226	07235dffa4337fcb	d4417268edbf9b71
loki_tiny.csv	17633	p9l	required_p9l_loki_tiny_csv_17633	edge0_source_ordinary_loki_tiny_csv_17633	edge1_ordinary_p7e_loki_tiny_csv_17633	edge2_p9l_loki_tiny_csv_17633	diagnostic_p9l_base_loki_tiny_csv_17633	9924bb4395767339	72a6989bfd30e396	72a6989bfd30e396	a4cfaed11e2fee97	a4cfaed11e2fee97	c7c855fefffa81cb	c8feccf2d90a1842	52f7a57a59ff8e64
loki_tiny.csv	17818	p9l	required_p9l_loki_tiny_csv_17818	edge0_source_ordinary_loki_tiny_csv_17818	edge1_ordinary_p7e_loki_tiny_csv_17818	edge2_p9l_loki_tiny_csv_17818	diagnostic_p9l_base_loki_tiny_csv_17818	91fc3ae4c03ea159	ef4c424b96c92807	ef4c424b96c92807	a4cfaed11e2fee97	a4cfaed11e2fee97	effac6ed52289a17	42ecc5e671b793d2	bab8cdb1422508f6
loki_tiny.csv	17825	p9l	required_p9l_loki_tiny_csv_17825	edge0_source_ordinary_loki_tiny_csv_17825	edge1_ordinary_p7e_loki_tiny_csv_17825	edge2_p9l_loki_tiny_csv_17825	diagnostic_p9l_base_loki_tiny_csv_17825	82b7c570e84e73a5	ae0e13d748b4f394	ae0e13d748b4f394	a4cfaed11e2fee97	a4cfaed11e2fee97	3cd97535df9c0b97	54b012057c80b2c2	ebd9b1e9a15df48a
loki_tiny.csv	17972	p9l	required_p9l_loki_tiny_csv_17972	edge0_source_ordinary_loki_tiny_csv_17972	edge1_ordinary_p7e_loki_tiny_csv_17972	edge2_p9l_loki_tiny_csv_17972	diagnostic_p9l_base_loki_tiny_csv_17972	cab964f6acf473ba	04355a75544968ef	04355a75544968ef	a4cfaed11e2fee97	a4cfaed11e2fee97	c5c4e47e29584c66	636939461d3fba41	d5d64ce209b451d0
loki_tiny.csv	17980	p9l	required_p9l_loki_tiny_csv_17980	edge0_source_ordinary_loki_tiny_csv_17980	edge1_ordinary_p7e_loki_tiny_csv_17980	edge2_p9l_loki_tiny_csv_17980	diagnostic_p9l_base_loki_tiny_csv_17980	3f6bd2738ae8eec7	76be60ac84708aec	76be60ac84708aec	a4cfaed11e2fee97	a4cfaed11e2fee97	bbe0c2069cfd8a7d	d3c1c5734e07632e	42a35d4703a0004b
loki_tiny.csv	17981	p9l	required_p9l_loki_tiny_csv_17981	edge0_source_ordinary_loki_tiny_csv_17981	edge1_ordinary_p7e_loki_tiny_csv_17981	edge2_p9l_loki_tiny_csv_17981	diagnostic_p9l_base_loki_tiny_csv_17981	2fc097d463cdf6f8	8f257f010fdd183f	8f257f010fdd183f	a4cfaed11e2fee97	a4cfaed11e2fee97	b054dfee66407d3c	2ea29def88eb3601	752990885437ae97
loki_tiny.csv	18104	p9l	required_p9l_loki_tiny_csv_18104	edge0_source_ordinary_loki_tiny_csv_18104	edge1_ordinary_p7e_loki_tiny_csv_18104	edge2_p9l_loki_tiny_csv_18104	diagnostic_p9l_base_loki_tiny_csv_18104	cc8d14aeb61bb8a8	f2ead8e8e4717b89	f2ead8e8e4717b89	a4cfaed11e2fee97	a4cfaed11e2fee97	177bac96b1b3a68e	66e95ea30baf0501	0a158a48bff4ffa0
loki_tiny.csv	18200	p9l	required_p9l_loki_tiny_csv_18200	edge0_source_ordinary_loki_tiny_csv_18200	edge1_ordinary_p7e_loki_tiny_csv_18200	edge2_p9l_loki_tiny_csv_18200	diagnostic_p9l_base_loki_tiny_csv_18200	cf9d361bd8df45f3	6ffb41b8ec7fb18e	6ffb41b8ec7fb18e	a4cfaed11e2fee97	a4cfaed11e2fee97	08f5d26f04482afd	7469ade50b2a1bf2	1b7db23a0ab0a38c
loki_tiny.csv	18437	p9l	required_p9l_loki_tiny_csv_18437	edge0_source_ordinary_loki_tiny_csv_18437	edge1_ordinary_p7e_loki_tiny_csv_18437	edge2_p9l_loki_tiny_csv_18437	diagnostic_p9l_base_loki_tiny_csv_18437	0adbbdb8a016ad78	6b45d5980529ed6c	6b45d5980529ed6c	a4cfaed11e2fee97	a4cfaed11e2fee97	d2a20efc6b06dea0	86df18887d94fa15	18697113f3ec54bb
loki_tiny.csv	18523	p9l	required_p9l_loki_tiny_csv_18523	edge0_source_ordinary_loki_tiny_csv_18523	edge1_ordinary_p7e_loki_tiny_csv_18523	edge2_p9l_loki_tiny_csv_18523	diagnostic_p9l_base_loki_tiny_csv_18523	7004d5db763bbcf6	197922acd8c6078c	197922acd8c6078c	a4cfaed11e2fee97	a4cfaed11e2fee97	6622e1c4622be8cc	623f7f22963efa1f	4197724c1328002f
loki_tiny.csv	18631	p9l	required_p9l_loki_tiny_csv_18631	edge0_source_ordinary_loki_tiny_csv_18631	edge1_ordinary_p7e_loki_tiny_csv_18631	edge2_p9l_loki_tiny_csv_18631	diagnostic_p9l_base_loki_tiny_csv_18631	5e1d872ebd66682c	6ef847f9965c8c8e	6ef847f9965c8c8e	a4cfaed11e2fee97	a4cfaed11e2fee97	6429216d50ec03f2	ccbb87afc198fdc5	1fbce0deecc8547d
loki_tiny.csv	18685	p9l	required_p9l_loki_tiny_csv_18685	edge0_source_ordinary_loki_tiny_csv_18685	edge1_ordinary_p7e_loki_tiny_csv_18685	edge2_p9l_loki_tiny_csv_18685	diagnostic_p9l_base_loki_tiny_csv_18685	6b24f856f4e8d561	cdbee45ef21a6ff2	cdbee45ef21a6ff2	a4cfaed11e2fee97	a4cfaed11e2fee97	465f391d7ac1f5cb	22dd1c8e432c2cfa	b81b937a2530453f
loki_tiny.csv	18731	p7e	required_p7e_loki_tiny_csv_18731	edge0_source_ordinary_loki_tiny_csv_18731	edge1_ordinary_p7e_loki_tiny_csv_18731	edge2_p7e_loki_tiny_csv_18731	diagnostic_p9l_base_loki_tiny_csv_18731	6a7cca7e178bc2ff	1ad04fc0a5f998c5	56661808ab44687d	56661808ab44687d	a4cfaed11e2fee97	9be3c82e666d042b	7d594297e472ff38	ed97e61948d14f25
loki_tiny.csv	19290	p7e	required_p7e_loki_tiny_csv_19290	edge0_source_ordinary_loki_tiny_csv_19290	edge1_ordinary_p7e_loki_tiny_csv_19290	edge2_p7e_loki_tiny_csv_19290	diagnostic_p9l_base_loki_tiny_csv_19290	a79175ae27289382	facac9d1bad84044	56661808ab44687d	56661808ab44687d	a4cfaed11e2fee97	dce445ea76369d14	80a8b9c4e6873dfb	dfd0651f5b5f88aa
loki_tiny.csv	19299	p7e	required_p7e_loki_tiny_csv_19299	edge0_source_ordinary_loki_tiny_csv_19299	edge1_ordinary_p7e_loki_tiny_csv_19299	edge2_p7e_loki_tiny_csv_19299	diagnostic_p9l_base_loki_tiny_csv_19299	fd6737912e6b398c	b91347740ab954f4	56661808ab44687d	56661808ab44687d	a4cfaed11e2fee97	d7706e4a4a72d784	8f83770d923cf02d	e97c974d65e37095
loki_tiny.csv	19329	p9l	required_p9l_loki_tiny_csv_19329	edge0_source_ordinary_loki_tiny_csv_19329	edge1_ordinary_p7e_loki_tiny_csv_19329	edge2_p9l_loki_tiny_csv_19329	diagnostic_p9l_base_loki_tiny_csv_19329	21822e415999e22c	01fab17d753e4f08	01fab17d753e4f08	a4cfaed11e2fee97	a4cfaed11e2fee97	3e95bd6fae75533a	b6da857506d38f0f	2d04c62c6e4bfb9e
loki_tiny.csv	19565	p9l	required_p9l_loki_tiny_csv_19565	edge0_source_ordinary_loki_tiny_csv_19565	edge1_ordinary_p7e_loki_tiny_csv_19565	edge2_p9l_loki_tiny_csv_19565	diagnostic_p9l_base_loki_tiny_csv_19565	3cefbd673e5bee9c	089010014539b442	089010014539b442	a4cfaed11e2fee97	a4cfaed11e2fee97	81331c134696c1dc	3a0b3ea35b1c430b	c7625b6ef5a64cf4
loki_tiny.csv	19597	p9l	required_p9l_loki_tiny_csv_19597	edge0_source_ordinary_loki_tiny_csv_19597	edge1_ordinary_p7e_loki_tiny_csv_19597	edge2_p9l_loki_tiny_csv_19597	diagnostic_p9l_base_loki_tiny_csv_19597	36bd43e6cc25ffb6	2b2f5744408b4d68	2b2f5744408b4d68	a4cfaed11e2fee97	a4cfaed11e2fee97	f66941183bf29a86	6271347dd3146583	fbe62199e7adaf45
loki_tiny.csv	19704	p9l	required_p9l_loki_tiny_csv_19704	edge0_source_ordinary_loki_tiny_csv_19704	edge1_ordinary_p7e_loki_tiny_csv_19704	edge2_p9l_loki_tiny_csv_19704	diagnostic_p9l_base_loki_tiny_csv_19704	2fdc253010bd5121	568782af8bbd69e7	568782af8bbd69e7	a4cfaed11e2fee97	a4cfaed11e2fee97	977485e1752763c7	6d323ab15d04b49c	1ff1fedc2b042916
loki_tiny.csv	19728	p9l	required_p9l_loki_tiny_csv_19728	edge0_source_ordinary_loki_tiny_csv_19728	edge1_ordinary_p7e_loki_tiny_csv_19728	edge2_p9l_loki_tiny_csv_19728	diagnostic_p9l_base_loki_tiny_csv_19728	5f6b3ab1e022ef5e	aa25fc54d7230f57	aa25fc54d7230f57	a4cfaed11e2fee97	a4cfaed11e2fee97	f224783f48fd88ee	70783fbfb5b812e5	c8c047bdaad2d25f
loki_tiny.csv	19966	p9l	required_p9l_loki_tiny_csv_19966	edge0_source_ordinary_loki_tiny_csv_19966	edge1_ordinary_p7e_loki_tiny_csv_19966	edge2_p9l_loki_tiny_csv_19966	diagnostic_p9l_base_loki_tiny_csv_19966	12ee7e3616134709	1ff1cd3765dcf6c7	1ff1cd3765dcf6c7	a4cfaed11e2fee97	a4cfaed11e2fee97	8dba8ef18793d757	2f8640078164d9b2	11de55a1aff0b1da
loki_tiny.csv	19996	p7e	required_p7e_loki_tiny_csv_19996	edge0_source_ordinary_loki_tiny_csv_19996	edge1_ordinary_p7e_loki_tiny_csv_19996	edge2_p7e_loki_tiny_csv_19996	diagnostic_p9l_base_loki_tiny_csv_19996	8cce54556f6b89aa	5fe88d86ecce2cbf	56661808ab44687d	56661808ab44687d	a4cfaed11e2fee97	a8d21a5aeb3cddd2	28e296d2234e1655	5d2f91861db3caee
loki_tiny.csv	22103	p9l	required_p9l_loki_tiny_csv_22103	edge0_source_ordinary_loki_tiny_csv_22103	edge1_ordinary_p7e_loki_tiny_csv_22103	edge2_p9l_loki_tiny_csv_22103	diagnostic_p9l_base_loki_tiny_csv_22103	65c4a15ac98d1072	adb287436fb0b539	adb287436fb0b539	6e1d2aff68e3620d	6e1d2aff68e3620d	f87856be96b1a102	352d09aae1b20cc1	2c75c0478a15f591
loki_tiny.csv	23004	p9l	required_p9l_loki_tiny_csv_23004	edge0_source_ordinary_loki_tiny_csv_23004	edge1_ordinary_p7e_loki_tiny_csv_23004	edge2_p9l_loki_tiny_csv_23004	diagnostic_p9l_base_loki_tiny_csv_23004	5a0bb7d9b3102cbf	2b6580d42143bfc7	2b6580d42143bfc7	6e1d2aff68e3620d	6e1d2aff68e3620d	c657dcaac4e65f2f	07a3746f1df22966	c11dd04a02e26c0a
loki_tiny.csv	23488	p9l	required_p9l_loki_tiny_csv_23488	edge0_source_ordinary_loki_tiny_csv_23488	edge1_ordinary_p7e_loki_tiny_csv_23488	edge2_p9l_loki_tiny_csv_23488	diagnostic_p9l_base_loki_tiny_csv_23488	2e6658374e78d73c	09233927f9e1a745	09233927f9e1a745	6e1d2aff68e3620d	6e1d2aff68e3620d	79ff0b5a5f34d10c	f344982533846921	6b1a1843cb63595a
loki_tiny.csv	23652	p9l	required_p9l_loki_tiny_csv_23652	edge0_source_ordinary_loki_tiny_csv_23652	edge1_ordinary_p7e_loki_tiny_csv_23652	edge2_p9l_loki_tiny_csv_23652	diagnostic_p9l_base_loki_tiny_csv_23652	19517ce654c4d166	85f488de202834ac	85f488de202834ac	6e1d2aff68e3620d	6e1d2aff68e3620d	dfe4ea23e9987c36	4b893252eb69a153	4bc438328327034b
loki_tiny.csv	23810	p9l	required_p9l_loki_tiny_csv_23810	edge0_source_ordinary_loki_tiny_csv_23810	edge1_ordinary_p7e_loki_tiny_csv_23810	edge2_p9l_loki_tiny_csv_23810	diagnostic_p9l_base_loki_tiny_csv_23810	63c5177e7d0b99f2	ca31bad11a8c5926	ca31bad11a8c5926	6e1d2aff68e3620d	6e1d2aff68e3620d	f84adf0ff893b782	9dd92a7b8139cb1f	f837690240338f2c
loki_tiny.csv	23816	p9l	required_p9l_loki_tiny_csv_23816	edge0_source_ordinary_loki_tiny_csv_23816	edge1_ordinary_p7e_loki_tiny_csv_23816	edge2_p9l_loki_tiny_csv_23816	diagnostic_p9l_base_loki_tiny_csv_23816	be2ed4a4006639b2	543a3a74298da387	543a3a74298da387	6e1d2aff68e3620d	6e1d2aff68e3620d	f1025c2e30c615b0	232fb31c9a6a635d	fefba5f60d5e7158
loki_tiny.csv	24044	p9l	required_p9l_loki_tiny_csv_24044	edge0_source_ordinary_loki_tiny_csv_24044	edge1_ordinary_p7e_loki_tiny_csv_24044	edge2_p9l_loki_tiny_csv_24044	diagnostic_p9l_base_loki_tiny_csv_24044	b697931d1fd82908	ddea81925630de51	ddea81925630de51	6e1d2aff68e3620d	6e1d2aff68e3620d	a3fc70c4ee5e5298	535a3129c56eef55	0b995cc7b326c51d
loki_tiny.csv	24286	p9l	required_p9l_loki_tiny_csv_24286	edge0_source_ordinary_loki_tiny_csv_24286	edge1_ordinary_p7e_loki_tiny_csv_24286	edge2_p9l_loki_tiny_csv_24286	diagnostic_p9l_base_loki_tiny_csv_24286	0ee9bc142634cdfe	07a82e85e8bdbabc	07a82e85e8bdbabc	6e1d2aff68e3620d	6e1d2aff68e3620d	b2649a35a55695ee	43e94411f2d81ef3	e0452a0a6e049be5
loki_tiny.csv	24338	p9l	required_p9l_loki_tiny_csv_24338	edge0_source_ordinary_loki_tiny_csv_24338	edge1_ordinary_p7e_loki_tiny_csv_24338	edge2_p9l_loki_tiny_csv_24338	diagnostic_p9l_base_loki_tiny_csv_24338	4cdaa01ce9ed7a19	f6daf815bfb5cff9	f6daf815bfb5cff9	6e1d2aff68e3620d	6e1d2aff68e3620d	b0598dc028c925c9	5f23460ca700c4c0	a79059efb6b9ae87
loki_tiny.csv	24490	p9l	required_p9l_loki_tiny_csv_24490	edge0_source_ordinary_loki_tiny_csv_24490	edge1_ordinary_p7e_loki_tiny_csv_24490	edge2_p9l_loki_tiny_csv_24490	diagnostic_p9l_base_loki_tiny_csv_24490	d924f0286624cbd7	29e6ddced2abe517	29e6ddced2abe517	6e1d2aff68e3620d	6e1d2aff68e3620d	b1d9da78eb22b507	54a8ccfbf3c64f3e	ad2af1f699a70bc3
loki_tiny.csv	24796	p9l	required_p9l_loki_tiny_csv_24796	edge0_source_ordinary_loki_tiny_csv_24796	edge1_ordinary_p7e_loki_tiny_csv_24796	edge2_p9l_loki_tiny_csv_24796	diagnostic_p9l_base_loki_tiny_csv_24796	cac0396e1f14c479	3c9e3be9cbefd030	3c9e3be9cbefd030	6e1d2aff68e3620d	6e1d2aff68e3620d	819484a4a44767e5	da199f8838005c16	e217085325cf70b1
loki_tiny.csv	24869	p9l	required_p9l_loki_tiny_csv_24869	edge0_source_ordinary_loki_tiny_csv_24869	edge1_ordinary_p7e_loki_tiny_csv_24869	edge2_p9l_loki_tiny_csv_24869	diagnostic_p9l_base_loki_tiny_csv_24869	870b7a0dbd506f79	bc69711d0dad2010	bc69711d0dad2010	6e1d2aff68e3620d	6e1d2aff68e3620d	d7eefe20282d26e9	2ac520fa9645ad74	2b5eb909aa450ada
loki_tiny.csv	24932	p9l	required_p9l_loki_tiny_csv_24932	edge0_source_ordinary_loki_tiny_csv_24932	edge1_ordinary_p7e_loki_tiny_csv_24932	edge2_p9l_loki_tiny_csv_24932	diagnostic_p9l_base_loki_tiny_csv_24932	7a7e88abaad94ea3	0e72a808edb0212b	0e72a808edb0212b	6e1d2aff68e3620d	6e1d2aff68e3620d	e2f70366c7647053	c68f155c63769278	9a1f815ff54f79e4
qsynth_ea.csv	13	p11a	required_p11a_qsynth_ea_csv_13	edge0_source_ordinary_qsynth_ea_csv_13	edge1_ordinary_p7e_qsynth_ea_csv_13	edge2_p11a_qsynth_ea_csv_13	diagnostic_p11a_qsynth_ea_csv_13	21f5c3d1fa7846a3	3c919e23f4f44d39	3c919e23f4f44d39	50da0417ec6e4c39	50da0417ec6e4c39	8e2d26ed841e4083	f770897b0aa955be	eaa2e1f8530e4615
qsynth_ea.csv	25	p11b	required_p11b_qsynth_ea_csv_25	edge0_source_ordinary_qsynth_ea_csv_25	edge1_ordinary_p7e_qsynth_ea_csv_25	edge2_p11b_qsynth_ea_csv_25	diagnostic_p11b_qsynth_ea_csv_25	1e94f810d3f9880e	db099844452aa6cf	db099844452aa6cf	86d5e90cc7a70f8d	86d5e90cc7a70f8d	eb1b6224d95330d0	566188e37fca7e6d	15cae5861cbfd672
qsynth_ea.csv	53	p11a	required_p11a_qsynth_ea_csv_53	edge0_source_ordinary_qsynth_ea_csv_53	edge1_ordinary_p7e_qsynth_ea_csv_53	edge2_p11a_qsynth_ea_csv_53	diagnostic_p11a_qsynth_ea_csv_53	6160a0eed9019162	2e747b179653ed4d	2e747b179653ed4d	fb736aa5ac2f81c4	fb736aa5ac2f81c4	02883af4b9da1567	c5a4e9a2c0e8a2cc	c35f90e6c0563ca8
qsynth_ea.csv	77	p11a	required_p11a_qsynth_ea_csv_77	edge0_source_ordinary_qsynth_ea_csv_77	edge1_ordinary_p7e_qsynth_ea_csv_77	edge2_p11a_qsynth_ea_csv_77	diagnostic_p11a_qsynth_ea_csv_77	f4841739522d6ef9	0c8ca3942cac7b9d	0c8ca3942cac7b9d	0f803cd9f69b461b	0f803cd9f69b461b	505064a1ee835af3	1174c37cbe978dc4	0788ec04323993b1
qsynth_ea.csv	114	p11b	required_p11b_qsynth_ea_csv_114	edge0_source_ordinary_qsynth_ea_csv_114	edge1_ordinary_p7e_qsynth_ea_csv_114	edge2_p11b_qsynth_ea_csv_114	diagnostic_p11b_qsynth_ea_csv_114	35c8007875da7145	9e35f4a45a750b65	9e35f4a45a750b65	06b3d529fcaaa814	06b3d529fcaaa814	4c548223fb6eeb3c	8ff89c24c763b9cb	17bb7adfae1877c6
qsynth_ea.csv	125	p11a	required_p11a_qsynth_ea_csv_125	edge0_source_ordinary_qsynth_ea_csv_125	edge1_ordinary_p7e_qsynth_ea_csv_125	edge2_p11a_qsynth_ea_csv_125	diagnostic_p11a_qsynth_ea_csv_125	a0d08b9327259d54	f2386eac3f7ecd20	f2386eac3f7ecd20	46ff6f59c67c431b	46ff6f59c67c431b	7a496efb24cbcb2c	6f32c7862cdc36f1	6d801c6efed16637
qsynth_ea.csv	134	p11a	required_p11a_qsynth_ea_csv_134	edge0_source_ordinary_qsynth_ea_csv_134	edge1_ordinary_p7e_qsynth_ea_csv_134	edge2_p11a_qsynth_ea_csv_134	diagnostic_p11a_qsynth_ea_csv_134	6cecacc2de377dea	a8de4b30181393b9	a8de4b30181393b9	8e743a8ce8c0fcb4	8e743a8ce8c0fcb4	77f49d9addf63c55	e639cfe6bb42d318	ac11e196a365ee71
qsynth_ea.csv	139	p11b	required_p11b_qsynth_ea_csv_139	edge0_source_ordinary_qsynth_ea_csv_139	edge1_ordinary_p7e_qsynth_ea_csv_139	edge2_p11b_qsynth_ea_csv_139	diagnostic_p11b_qsynth_ea_csv_139	20c99e27fd23945e	aa0db5e8aefd456c	aa0db5e8aefd456c	3b1b325e3bb94f94	3b1b325e3bb94f94	cd6c170188d94099	532d0279928f6cb4	c26e0f8ece226531
qsynth_ea.csv	210	p11a	required_p11a_qsynth_ea_csv_210	edge0_source_ordinary_qsynth_ea_csv_210	edge1_ordinary_p7e_qsynth_ea_csv_210	edge2_p11a_qsynth_ea_csv_210	diagnostic_p11a_qsynth_ea_csv_210	024dc97e3b19a673	5356681ce6b74e93	5356681ce6b74e93	c000e48010eb9fe1	c000e48010eb9fe1	5e6d8a0d24ec43cf	3a92d2bf99223ee2	93b20a3767f6487f
qsynth_ea.csv	234	p11a	required_p11a_qsynth_ea_csv_234	edge0_source_ordinary_qsynth_ea_csv_234	edge1_ordinary_p7e_qsynth_ea_csv_234	edge2_p11a_qsynth_ea_csv_234	diagnostic_p11a_qsynth_ea_csv_234	a020a41403f2285c	d10e5bb3ab85a73c	d10e5bb3ab85a73c	1821135fa2ef742b	1821135fa2ef742b	dea3e151b5914bc6	21ced2281e350401	ed8d7ba3971d2b14
qsynth_ea.csv	249	p7e	required_p7e_qsynth_ea_csv_249	edge0_source_ordinary_qsynth_ea_csv_249	edge1_ordinary_p7e_qsynth_ea_csv_249	edge2_p7e_qsynth_ea_csv_249	diagnostic_p7e_qsynth_ea_csv_249	dfcd8718250494ae	39c0aff5a88d2c0f	b683f48bd39dd294	b683f48bd39dd294	b683f48bd39dd294	c994b3d67e7ae3fd	60cc2d344479ac64	243742e9bba115a3
qsynth_ea.csv	260	p11a	required_p11a_qsynth_ea_csv_260	edge0_source_ordinary_qsynth_ea_csv_260	edge1_ordinary_p7e_qsynth_ea_csv_260	edge2_p11a_qsynth_ea_csv_260	diagnostic_p11a_qsynth_ea_csv_260	1c9d0a2490944b46	f3ac7f5d46c6f9a8	f3ac7f5d46c6f9a8	67ad36ac25a46858	67ad36ac25a46858	e8e7b25c08de7c9f	5be23ee18259cbd0	07f51f89e8903e80
qsynth_ea.csv	294	p11a	required_p11a_qsynth_ea_csv_294	edge0_source_ordinary_qsynth_ea_csv_294	edge1_ordinary_p7e_qsynth_ea_csv_294	edge2_p11a_qsynth_ea_csv_294	diagnostic_p11a_qsynth_ea_csv_294	970e69a9779abf60	6cfedaa251d2ed50	6cfedaa251d2ed50	0f516da5d4b53c07	0f516da5d4b53c07	04dcd6b6408fbade	ad563a2c29234bdf	977fd0271d1149f8
qsynth_ea.csv	309	p7e	required_p7e_qsynth_ea_csv_309	edge0_source_ordinary_qsynth_ea_csv_309	edge1_ordinary_p7e_qsynth_ea_csv_309	edge2_p7e_qsynth_ea_csv_309	diagnostic_p7e_qsynth_ea_csv_309	4a4dce6a10c180f7	6614816ee92d48be	0721fcf949ab6e8b	0721fcf949ab6e8b	0721fcf949ab6e8b	88db69158ddeff95	30908a217997dc84	2f444dc513a565a5
qsynth_ea.csv	369	p11a	required_p11a_qsynth_ea_csv_369	edge0_source_ordinary_qsynth_ea_csv_369	edge1_ordinary_p7e_qsynth_ea_csv_369	edge2_p11a_qsynth_ea_csv_369	diagnostic_p11a_qsynth_ea_csv_369	86c81e9f84b770cb	600296b99678851f	600296b99678851f	5f77fed987cd2899	5f77fed987cd2899	15d47aa66c5f16fb	a3431bc33a16364c	0055eac02f6e59d1
qsynth_ea.csv	392	p7e	required_p7e_qsynth_ea_csv_392	edge0_source_ordinary_qsynth_ea_csv_392	edge1_ordinary_p7e_qsynth_ea_csv_392	edge2_p7e_qsynth_ea_csv_392	diagnostic_p7e_qsynth_ea_csv_392	42f8197d2aa53c36	d2aee4cb5ba2dc93	185fcf203c4e44b7	185fcf203c4e44b7	185fcf203c4e44b7	834e2c6b90b58ad4	18f529d040fcbf3f	779529b1fca7c7c7
qsynth_ea.csv	423	p11b	required_p11b_qsynth_ea_csv_423	edge0_source_ordinary_qsynth_ea_csv_423	edge1_ordinary_p7e_qsynth_ea_csv_423	edge2_p11b_qsynth_ea_csv_423	diagnostic_p11b_qsynth_ea_csv_423	7c1191898caa3364	d40309c07dc1a936	d40309c07dc1a936	1218f23d6ce9b460	1218f23d6ce9b460	c90b6120753b5a53	94ea8d8cd16213aa	fbee527d4e4baa11
qsynth_ea.csv	481	p11a	required_p11a_qsynth_ea_csv_481	edge0_source_ordinary_qsynth_ea_csv_481	edge1_ordinary_p7e_qsynth_ea_csv_481	edge2_p11a_qsynth_ea_csv_481	diagnostic_p11a_qsynth_ea_csv_481	0e2c11e9122cc53e	9393cfd80e20fecf	9393cfd80e20fecf	079f23db709eae50	079f23db709eae50	20cf6b8a809aa285	4afedf94e04eabdc	ceb621486364f0a7
qsynth_ea.csv	486	p11a	required_p11a_qsynth_ea_csv_486	edge0_source_ordinary_qsynth_ea_csv_486	edge1_ordinary_p7e_qsynth_ea_csv_486	edge2_p11a_qsynth_ea_csv_486	diagnostic_p11a_qsynth_ea_csv_486	397cd5caf10bdef6	ddd40cad1cc018b7	ddd40cad1cc018b7	ab79f0251e3cf510	ab79f0251e3cf510	75848c70c7cd41df	d0635b99af17d734	3940914e927598b2
