dataset	line	retained_pass	required_id	required_result	chain_result	structured_result	gate_result	method	required_pair_hash	required_residual_hash	chain_hash	edge0_result	edge1_result	edge2_result
loki_tiny.csv	1841	p7e	required_p7e_loki_tiny_csv_1841	UNSAT	UNSAT	N/A	VALIDATED	direct	351b6d51027d42ad	c9dd4fd316e5cfa6	c33870b9432c252f	UNSAT	UNSAT	UNSAT
loki_tiny.csv	2319	p9l	required_p9l_loki_tiny_csv_2319	UNSAT	UNSAT	N/A	VALIDATED	direct	c7324a22e620de53	0925f5e514cf6df8	68c4eaed4fe02558	UNSAT	UNSAT	UNSAT
loki_tiny.csv	2499	p9l	required_p9l_loki_tiny_csv_2499	UNSAT	UNSAT	N/A	VALIDATED	direct	f18ccba1f54189e7	5597fbbb01b8e5a0	c20a0cea8acb74f9	UNSAT	UNSAT	UNSAT
loki_tiny.csv	2631	p9l	required_p9l_loki_tiny_csv_2631	UNSAT	UNSAT	N/A	VALIDATED	direct	d29a2d79efeb823d	7126a2d43e839e5c	6aea3033c70b378d	UNSAT	UNSAT	UNSAT
loki_tiny.csv	2729	p9l	required_p9l_loki_tiny_csv_2729	UNSAT	UNSAT	N/A	VALIDATED	direct	7373551289465fff	564dad6e6d408fbc	4bc74d4c76100ecf	UNSAT	UNSAT	UNSAT
loki_tiny.csv	2772	p7e	required_p7e_loki_tiny_csv_2772	UNSAT	UNSAT	N/A	VALIDATED	direct	3471a3891bf0d42f	5a28a02470e47ac0	23f3916884d0d445	UNSAT	UNSAT	UNSAT
loki_tiny.csv	2929	p9l	required_p9l_loki_tiny_csv_2929	UNSAT	UNSAT	N/A	VALIDATED	direct	5fbf3ec73346792e	1ff36ddc1e153a61	15c1618b18b11cce	UNSAT	UNSAT	UNSAT
loki_tiny.csv	3312	p9l	required_p9l_loki_tiny_csv_3312	UNSAT	UNSAT	N/A	VALIDATED	direct	b1f25029beecf8b5	b3322d6e24be9562	22b92889e512eba2	UNSAT	UNSAT	UNSAT
loki_tiny.csv	3424	p9l	required_p9l_loki_tiny_csv_3424	UNSAT	UNSAT	N/A	VALIDATED	direct	7a2920d68bbee2d0	71ae33fb0cdb2aa7	846069b89543ba65	UNSAT	UNSAT	UNSAT
loki_tiny.csv	3894	p9l	required_p9l_loki_tiny_csv_3894	UNSAT	UNSAT	N/A	VALIDATED	direct	0681592326a1badb	0f50050c2976e82e	b7e67208a1fea366	UNSAT	UNSAT	UNSAT
loki_tiny.csv	3919	p9l	required_p9l_loki_tiny_csv_3919	UNSAT	UNSAT	N/A	VALIDATED	direct	60a95fb7ea6ab621	71830a01c3aca2b2	2aa83291f71eeb19	UNSAT	UNSAT	UNSAT
loki_tiny.csv	3928	p7e	required_p7e_loki_tiny_csv_3928	UNSAT	UNKNOWN	N/A	VALIDATED	direct	528e6902ecb36b3b	247c6fa1e756a2ac	b6fbd79594edf355	UNKNOWN	UNSAT	UNSAT
loki_tiny.csv	3979	p7e	required_p7e_loki_tiny_csv_3979	UNSAT	UNKNOWN	N/A	VALIDATED	direct	ac14efec2ce417ba	bc58601c43598fad	d303e1512fdff067	UNKNOWN	UNKNOWN	UNSAT
loki_tiny.csv	4081	p9l	required_p9l_loki_tiny_csv_4081	UNSAT	UNSAT	N/A	VALIDATED	direct	65ce940036eaf260	375e2f12ebf484a3	715570b2877be6cd	UNSAT	UNSAT	UNSAT
loki_tiny.csv	4087	p9l	required_p9l_loki_tiny_csv_4087	UNSAT	UNKNOWN	N/A	VALIDATED	direct	1833fa93d7a97da6	e6707fd66a3b5a75	318de5ea8ca9bc94	UNKNOWN	UNSAT	UNKNOWN
loki_tiny.csv	4220	p9l	required_p9l_loki_tiny_csv_4220	UNSAT	UNSAT	N/A	VALIDATED	direct	34d7f89764915bf7	0bc975f1537df1cc	40a7b9f603e1b389	UNSAT	UNSAT	UNSAT
loki_tiny.csv	4310	p9l	required_p9l_loki_tiny_csv_4310	UNSAT	UNKNOWN	N/A	VALIDATED	direct	1c06298fcbd42deb	e3be6ade98d76fcc	34365d061f0399e2	UNKNOWN	UNSAT	UNKNOWN
loki_tiny.csv	4549	p9l	required_p9l_loki_tiny_csv_4549	UNSAT	UNKNOWN	N/A	VALIDATED	direct	399bf2277e12730c	8b6542bfb83b0287	d214d1bb4fdc5fc8	UNKNOWN	UNSAT	UNSAT
loki_tiny.csv	4581	p7e	required_p7e_loki_tiny_csv_4581	UNSAT	UNKNOWN	N/A	VALIDATED	direct	44a508493a9bd91c	8ebe1fd3df41cde7	a512908a21ad5b05	UNKNOWN	UNSAT	UNSAT
loki_tiny.csv	4583	p9l	required_p9l_loki_tiny_csv_4583	UNSAT	UNKNOWN	N/A	VALIDATED	direct	654186a15ca6903a	a500753b3368016b	fe0ed24f6cf3cd8a	UNKNOWN	UNSAT	UNSAT
loki_tiny.csv	4752	p9l	required_p9l_loki_tiny_csv_4752	UNSAT	UNSAT	N/A	VALIDATED	direct	5275af9cc9931d8d	1191e905ae2a6452	2095443ee677fc0b	UNSAT	UNSAT	UNSAT
loki_tiny.csv	4900	p7e	required_p7e_loki_tiny_csv_4900	UNSAT	UNSAT	N/A	VALIDATED	direct	ff818c54ec9bcb88	d7d51f0af799b273	2a743bf09e8ae3ea	UNSAT	UNSAT	UNSAT
loki_tiny.csv	4917	p7e	required_p7e_loki_tiny_csv_4917	UNSAT	UNSAT	N/A	VALIDATED	direct	ebceb3aa19876485	c7d6a461f51c17b6	9752491ca1b6cf49	UNSAT	UNSAT	UNSAT
loki_tiny.csv	7246	p9l	required_p9l_loki_tiny_csv_7246	UNSAT	UNSAT	N/A	VALIDATED	direct	bf426e9229c00ba1	a797c91072ed0fe6	480bb53bba21ed52	UNSAT	UNSAT	UNSAT
loki_tiny.csv	7492	p9l	required_p9l_loki_tiny_csv_7492	UNSAT	UNSAT	N/A	VALIDATED	direct	2f025322be0364fe	1afc89ecdf1e19d1	bcf7b31972776a28	UNSAT	UNSAT	UNSAT
loki_tiny.csv	8173	p9l	required_p9l_loki_tiny_csv_8173	UNSAT	UNSAT	N/A	VALIDATED	direct	7d9ce84363325b11	80ff5fdc58bd3576	0f228c9a0e44a264	UNSAT	UNSAT	UNSAT
loki_tiny.csv	8341	p9l	required_p9l_loki_tiny_csv_8341	UNSAT	UNSAT	N/A	VALIDATED	direct	52950706313fae09	f79bc1c6e113ba56	605fbdc31f473cf2	UNSAT	UNSAT	UNSAT
loki_tiny.csv	8584	p9l	required_p9l_loki_tiny_csv_8584	UNSAT	UNSAT	N/A	VALIDATED	direct	1ca6d7ada5a7360f	0baac812fd9d5e0c	a32f8ab87f500af6	UNSAT	UNSAT	UNSAT
loki_tiny.csv	8982	p9l	required_p9l_loki_tiny_csv_8982	UNSAT	UNSAT	N/A	VALIDATED	direct	7dff34dfec77f4fa	d2c68b65fc2a7f87	4a3696216a098f29	UNSAT	UNSAT	UNSAT
loki_tiny.csv	9594	p9l	required_p9l_loki_tiny_csv_9594	UNSAT	UNSAT	N/A	VALIDATED	direct	e6dc5bf6ac8406ea	5f2aec992de49fd5	00acade61c549200	UNSAT	UNSAT	UNSAT
loki_tiny.csv	9810	p9l	required_p9l_loki_tiny_csv_9810	UNSAT	UNSAT	N/A	VALIDATED	direct	102fa85a557d6413	2f721252a19b87ac	32483d8382035f71	UNSAT	UNSAT	UNSAT
loki_tiny.csv	11431	p9l	required_p9l_loki_tiny_csv_11431	UNSAT	UNKNOWN	N/A	VALIDATED	direct	8428063c5c8350a3	e71292a86357ddcc	5fd40d4e472bb66f	UNKNOWN	UNSAT	UNKNOWN
loki_tiny.csv	12529	p9l	required_p9l_loki_tiny_csv_12529	UNSAT	UNKNOWN	N/A	VALIDATED	direct	af1788275639d104	2b55eade2f20db41	8abafd26f8d4c6de	UNKNOWN	UNSAT	UNKNOWN
loki_tiny.csv	12689	p9l	required_p9l_loki_tiny_csv_12689	UNSAT	UNKNOWN	N/A	VALIDATED	direct	300a8ad773e90dd5	ec1abb9f32a9bf8e	596f226bbde1a112	UNKNOWN	UNSAT	UNKNOWN
loki_tiny.csv	13078	p9l	required_p9l_loki_tiny_csv_13078	UNSAT	UNKNOWN	N/A	VALIDATED	direct	e2ba483b2cb152ae	eb986e5e1e0b3a63	3c5545e9810bc5bb	UNKNOWN	UNSAT	UNSAT
loki_tiny.csv	13174	p9l	required_p9l_loki_tiny_csv_13174	UNSAT	UNSAT	N/A	VALIDATED	direct	6d03434ed72127b3	2d8d5e2c6540180c	930ce0795fc52822	UNSAT	UNSAT	UNSAT
loki_tiny.csv	13238	p7e	required_p7e_loki_tiny_csv_13238	UNSAT	UNKNOWN	N/A	VALIDATED	direct	36dfda161dd304a8	bdc660bae0ac0501	47153a2225419faf	UNKNOWN	UNSAT	UNSAT
loki_tiny.csv	13752	p7e	required_p7e_loki_tiny_csv_13752	UNSAT	UNKNOWN	N/A	VALIDATED	direct	ff300d66542e896b	74bd29fb9eea2290	11e1b7dd83e4526d	UNKNOWN	UNKNOWN	UNSAT
loki_tiny.csv	14143	p9l	required_p9l_loki_tiny_csv_14143	UNSAT	UNSAT	N/A	VALIDATED	direct	16a1993732c90ac4	97e571f3905b90b1	05ad5c517c2d0b00	UNSAT	UNSAT	UNSAT
loki_tiny.csv	14221	p9l	required_p9l_loki_tiny_csv_14221	UNSAT	UNKNOWN	N/A	VALIDATED	direct	acb63e50c0eceaa8	c553f106fa48cdfd	dacc88c78b88d930	UNKNOWN	UNSAT	UNSAT
loki_tiny.csv	14369	p9l	required_p9l_loki_tiny_csv_14369	UNSAT	UNSAT	N/A	VALIDATED	direct	36172e569fdb53dd	9179fa0cb8627326	ada6f548d769d5fc	UNSAT	UNSAT	UNSAT
loki_tiny.csv	14497	p9l	required_p9l_loki_tiny_csv_14497	UNSAT	UNSAT	N/A	VALIDATED	direct	31e05a9118ac51c5	e1f3c1db31ecdc2e	65b48857af339af2	UNSAT	UNSAT	UNSAT
loki_tiny.csv	14545	p9l	required_p9l_loki_tiny_csv_14545	UNSAT	UNKNOWN	N/A	VALIDATED	direct	8c83a716c6fcde4c	62ccd1edc442b9c9	cc3430a1778587da	UNKNOWN	UNSAT	UNKNOWN
loki_tiny.csv	16073	p9l	required_p9l_loki_tiny_csv_16073	UNSAT	UNKNOWN	N/A	VALIDATED	direct	b67c2ea0e080e9ca	14eb88d8164fbf31	a3427f79e2259c28	UNKNOWN	UNSAT	UNKNOWN
loki_tiny.csv	17380	p9l	required_p9l_loki_tiny_csv_17380	UNSAT	UNSAT	N/A	VALIDATED	direct	f225b554ffa8dad0	a90e52ed3cb3ef8f	50c669b844e3be30	UNSAT	UNSAT	UNSAT
loki_tiny.csv	17524	p9l	required_p9l_loki_tiny_csv_17524	UNSAT	UNSAT	N/A	VALIDATED	direct	dc7a106bc8169b70	3ae7c3ca5f3957c7	3c5252e06e5a2dd6	UNSAT	UNSAT	UNSAT
loki_tiny.csv	17578	p9l	required_p9l_loki_tiny_csv_17578	UNSAT	UNKNOWN	N/A	VALIDATED	direct	46dad5222dc2e226	07235dffa4337fcb	d4417268edbf9b71	UNKNOWN	UNSAT	UNSAT
loki_tiny.csv	17633	p9l	required_p9l_loki_tiny_csv_17633	UNSAT	UNSAT	N/A	VALIDATED	direct	c7c855fefffa81cb	c8feccf2d90a1842	52f7a57a59ff8e64	UNSAT	UNSAT	UNSAT
loki_tiny.csv	17818	p9l	required_p9l_loki_tiny_csv_17818	UNSAT	UNSAT	N/A	VALIDATED	direct	effac6ed52289a17	42ecc5e671b793d2	bab8cdb1422508f6	UNSAT	UNSAT	UNSAT
loki_tiny.csv	17825	p9l	required_p9l_loki_tiny_csv_17825	UNSAT	UNSAT	N/A	VALIDATED	direct	3cd97535df9c0b97	54b012057c80b2c2	ebd9b1e9a15df48a	UNSAT	UNSAT	UNSAT
loki_tiny.csv	17972	p9l	required_p9l_loki_tiny_csv_17972	UNSAT	UNSAT	N/A	VALIDATED	direct	c5c4e47e29584c66	636939461d3fba41	d5d64ce209b451d0	UNSAT	UNSAT	UNSAT
loki_tiny.csv	17980	p9l	required_p9l_loki_tiny_csv_17980	UNSAT	UNSAT	N/A	VALIDATED	direct	bbe0c2069cfd8a7d	d3c1c5734e07632e	42a35d4703a0004b	UNSAT	UNSAT	UNSAT
loki_tiny.csv	17981	p9l	required_p9l_loki_tiny_csv_17981	UNSAT	UNSAT	N/A	VALIDATED	direct	b054dfee66407d3c	2ea29def88eb3601	752990885437ae97	UNSAT	UNSAT	UNSAT
loki_tiny.csv	18104	p9l	required_p9l_loki_tiny_csv_18104	UNSAT	UNSAT	N/A	VALIDATED	direct	177bac96b1b3a68e	66e95ea30baf0501	0a158a48bff4ffa0	UNSAT	UNSAT	UNSAT
loki_tiny.csv	18200	p9l	required_p9l_loki_tiny_csv_18200	UNSAT	UNSAT	N/A	VALIDATED	direct	08f5d26f04482afd	7469ade50b2a1bf2	1b7db23a0ab0a38c	UNSAT	UNSAT	UNSAT
loki_tiny.csv	18437	p9l	required_p9l_loki_tiny_csv_18437	UNSAT	UNSAT	N/A	VALIDATED	direct	d2a20efc6b06dea0	86df18887d94fa15	18697113f3ec54bb	UNSAT	UNSAT	UNSAT
loki_tiny.csv	18523	p9l	required_p9l_loki_tiny_csv_18523	UNSAT	UNSAT	N/A	VALIDATED	direct	6622e1c4622be8cc	623f7f22963efa1f	4197724c1328002f	UNSAT	UNSAT	UNSAT
loki_tiny.csv	18631	p9l	required_p9l_loki_tiny_csv_18631	UNSAT	UNKNOWN	N/A	VALIDATED	direct	6429216d50ec03f2	ccbb87afc198fdc5	1fbce0deecc8547d	UNKNOWN	UNSAT	UNKNOWN
loki_tiny.csv	18685	p9l	required_p9l_loki_tiny_csv_18685	UNSAT	UNSAT	N/A	VALIDATED	direct	465f391d7ac1f5cb	22dd1c8e432c2cfa	b81b937a2530453f	UNSAT	UNSAT	UNSAT
loki_tiny.csv	18731	p7e	required_p7e_loki_tiny_csv_18731	UNSAT	UNSAT	N/A	VALIDATED	direct	9be3c82e666d042b	7d594297e472ff38	ed97e61948d14f25	UNSAT	UNSAT	UNSAT
loki_tiny.csv	19290	p7e	required_p7e_loki_tiny_csv_19290	UNSAT	UNKNOWN	N/A	VALIDATED	direct	dce445ea76369d14	80a8b9c4e6873dfb	dfd0651f5b5f88aa	UNKNOWN	UNKNOWN	UNSAT
loki_tiny.csv	19299	p7e	required_p7e_loki_tiny_csv_19299	UNSAT	UNSAT	N/A	VALIDATED	direct	d7706e4a4a72d784	8f83770d923cf02d	e97c974d65e37095	UNSAT	UNSAT	UNSAT
loki_tiny.csv	19329	p9l	required_p9l_loki_tiny_csv_19329	UNSAT	UNKNOWN	N/A	VALIDATED	direct	3e95bd6fae75533a	b6da857506d38f0f	2d04c62c6e4bfb9e	UNKNOWN	UNSAT	UNKNOWN
loki_tiny.csv	19565	p9l	required_p9l_loki_tiny_csv_19565	UNSAT	UNKNOWN	N/A	VALIDATED	direct	81331c134696c1dc	3a0b3ea35b1c430b	c7625b6ef5a64cf4	UNKNOWN	UNSAT	UNSAT
loki_tiny.csv	19597	p9l	required_p9l_loki_tiny_csv_19597	UNSAT	UNSAT	N/A	VALIDATED	direct	f66941183bf29a86	6271347dd3146583	fbe62199e7adaf45	UNSAT	UNSAT	UNSAT
loki_tiny.csv	19704	p9l	required_p9l_loki_tiny_csv_19704	UNSAT	UNSAT	N/A	VALIDATED	direct	977485e1752763c7	6d323ab15d04b49c	1ff1fedc2b042916	UNSAT	UNSAT	UNSAT
loki_tiny.csv	19728	p9l	required_p9l_loki_tiny_csv_19728	UNSAT	UNSAT	N/A	VALIDATED	direct	f224783f48fd88ee	70783fbfb5b812e5	c8c047bdaad2d25f	UNSAT	UNSAT	UNSAT
loki_tiny.csv	19966	p9l	required_p9l_loki_tiny_csv_19966	UNSAT	UNKNOWN	N/A	VALIDATED	bit-fallback	8dba8ef18793d757	2f8640078164d9b2	11de55a1aff0b1da	UNKNOWN	UNSAT	UNKNOWN
loki_tiny.csv	19996	p7e	required_p7e_loki_tiny_csv_19996	UNSAT	UNKNOWN	N/A	VALIDATED	direct	a8d21a5aeb3cddd2	28e296d2234e1655	5d2f91861db3caee	UNKNOWN	UNSAT	UNSAT
loki_tiny.csv	22103	p9l	required_p9l_loki_tiny_csv_22103	UNSAT	UNSAT	N/A	VALIDATED	direct	f87856be96b1a102	352d09aae1b20cc1	2c75c0478a15f591	UNSAT	UNSAT	UNSAT
loki_tiny.csv	23004	p9l	required_p9l_loki_tiny_csv_23004	UNSAT	UNKNOWN	N/A	VALIDATED	direct	c657dcaac4e65f2f	07a3746f1df22966	c11dd04a02e26c0a	UNKNOWN	UNSAT	UNSAT
loki_tiny.csv	23488	p9l	required_p9l_loki_tiny_csv_23488	UNSAT	UNKNOWN	N/A	VALIDATED	direct	79ff0b5a5f34d10c	f344982533846921	6b1a1843cb63595a	UNKNOWN	UNSAT	UNSAT
loki_tiny.csv	23652	p9l	required_p9l_loki_tiny_csv_23652	UNSAT	UNSAT	N/A	VALIDATED	bit-fallback	dfe4ea23e9987c36	4b893252eb69a153	4bc438328327034b	UNSAT	UNSAT	UNSAT
loki_tiny.csv	23810	p9l	required_p9l_loki_tiny_csv_23810	UNSAT	UNKNOWN	N/A	VALIDATED	direct	f84adf0ff893b782	9dd92a7b8139cb1f	f837690240338f2c	UNKNOWN	UNSAT	UNSAT
loki_tiny.csv	23816	p9l	required_p9l_loki_tiny_csv_23816	UNSAT	UNKNOWN	N/A	VALIDATED	direct	f1025c2e30c615b0	232fb31c9a6a635d	fefba5f60d5e7158	UNKNOWN	UNSAT	UNSAT
loki_tiny.csv	24044	p9l	required_p9l_loki_tiny_csv_24044	UNSAT	UNSAT	N/A	VALIDATED	direct	a3fc70c4ee5e5298	535a3129c56eef55	0b995cc7b326c51d	UNSAT	UNSAT	UNSAT
loki_tiny.csv	24286	p9l	required_p9l_loki_tiny_csv_24286	UNSAT	UNKNOWN	N/A	VALIDATED	direct	b2649a35a55695ee	43e94411f2d81ef3	e0452a0a6e049be5	UNKNOWN	UNSAT	UNSAT
loki_tiny.csv	24338	p9l	required_p9l_loki_tiny_csv_24338	UNSAT	UNKNOWN	N/A	VALIDATED	direct	b0598dc028c925c9	5f23460ca700c4c0	a79059efb6b9ae87	UNKNOWN	UNSAT	UNSAT
loki_tiny.csv	24490	p9l	required_p9l_loki_tiny_csv_24490	UNSAT	UNSAT	N/A	VALIDATED	direct	b1d9da78eb22b507	54a8ccfbf3c64f3e	ad2af1f699a70bc3	UNSAT	UNSAT	UNSAT
loki_tiny.csv	24796	p9l	required_p9l_loki_tiny_csv_24796	UNSAT	UNSAT	N/A	VALIDATED	bit-fallback	819484a4a44767e5	da199f8838005c16	e217085325cf70b1	UNSAT	UNSAT	UNSAT
loki_tiny.csv	24869	p9l	required_p9l_loki_tiny_csv_24869	UNSAT	UNKNOWN	N/A	VALIDATED	direct	d7eefe20282d26e9	2ac520fa9645ad74	2b5eb909aa450ada	UNKNOWN	UNSAT	UNKNOWN
loki_tiny.csv	24932	p9l	required_p9l_loki_tiny_csv_24932	UNSAT	UNKNOWN	N/A	VALIDATED	direct	e2f70366c7647053	c68f155c63769278	9a1f815ff54f79e4	UNKNOWN	UNSAT	UNKNOWN
qsynth_ea.csv	13	p11a	required_p11a_qsynth_ea_csv_13	UNKNOWN	UNKNOWN	UNKNOWN	UNKNOWN	incomplete	8e2d26ed841e4083	f770897b0aa955be	eaa2e1f8530e4615	UNKNOWN	UNSAT	UNKNOWN
qsynth_ea.csv	25	p11b	required_p11b_qsynth_ea_csv_25	UNKNOWN	UNKNOWN	UNSAT	VALIDATED	structured-chain	eb1b6224d95330d0	566188e37fca7e6d	15cae5861cbfd672	UNKNOWN	UNSAT	UNSAT
qsynth_ea.csv	53	p11a	required_p11a_qsynth_ea_csv_53	UNKNOWN	UNKNOWN	UNKNOWN	UNKNOWN	incomplete	02883af4b9da1567	c5a4e9a2c0e8a2cc	c35f90e6c0563ca8	UNKNOWN	UNSAT	UNKNOWN
qsynth_ea.csv	77	p11a	required_p11a_qsynth_ea_csv_77	UNKNOWN	UNKNOWN	UNSAT	VALIDATED	structured-chain	505064a1ee835af3	1174c37cbe978dc4	0788ec04323993b1	UNKNOWN	UNSAT	UNSAT
qsynth_ea.csv	114	p11b	required_p11b_qsynth_ea_csv_114	UNSAT	UNKNOWN	N/A	VALIDATED	direct	4c548223fb6eeb3c	8ff89c24c763b9cb	17bb7adfae1877c6	UNKNOWN	UNSAT	UNSAT
qsynth_ea.csv	125	p11a	required_p11a_qsynth_ea_csv_125	UNKNOWN	UNKNOWN	UNSAT	VALIDATED	structured-chain	7a496efb24cbcb2c	6f32c7862cdc36f1	6d801c6efed16637	UNKNOWN	UNSAT	UNSAT
qsynth_ea.csv	134	p11a	required_p11a_qsynth_ea_csv_134	UNKNOWN	UNKNOWN	UNKNOWN	UNKNOWN	incomplete	77f49d9addf63c55	e639cfe6bb42d318	ac11e196a365ee71	UNKNOWN	UNSAT	UNSAT
qsynth_ea.csv	139	p11b	required_p11b_qsynth_ea_csv_139	UNKNOWN	UNKNOWN	UNKNOWN	UNKNOWN	incomplete	cd6c170188d94099	532d0279928f6cb4	c26e0f8ece226531	UNKNOWN	UNSAT	UNKNOWN
qsynth_ea.csv	210	p11a	required_p11a_qsynth_ea_csv_210	UNKNOWN	UNKNOWN	UNKNOWN	UNKNOWN	incomplete	5e6d8a0d24ec43cf	3a92d2bf99223ee2	93b20a3767f6487f	UNKNOWN	UNSAT	UNSAT
qsynth_ea.csv	234	p11a	required_p11a_qsynth_ea_csv_234	UNKNOWN	UNKNOWN	UNKNOWN	UNKNOWN	incomplete	dea3e151b5914bc6	21ced2281e350401	ed8d7ba3971d2b14	UNKNOWN	UNSAT	UNKNOWN
qsynth_ea.csv	249	p7e	required_p7e_qsynth_ea_csv_249	UNKNOWN	UNKNOWN	UNKNOWN	UNKNOWN	incomplete	c994b3d67e7ae3fd	60cc2d344479ac64	243742e9bba115a3	UNKNOWN	UNKNOWN	UNSAT
qsynth_ea.csv	260	p11a	required_p11a_qsynth_ea_csv_260	UNKNOWN	UNKNOWN	UNKNOWN	UNKNOWN	incomplete	e8e7b25c08de7c9f	5be23ee18259cbd0	07f51f89e8903e80	UNKNOWN	UNSAT	UNSAT
qsynth_ea.csv	294	p11a	required_p11a_qsynth_ea_csv_294	UNKNOWN	UNKNOWN	UNKNOWN	UNKNOWN	incomplete	04dcd6b6408fbade	ad563a2c29234bdf	977fd0271d1149f8	UNKNOWN	UNSAT	UNKNOWN
qsynth_ea.csv	309	p7e	required_p7e_qsynth_ea_csv_309	UNSAT	UNSAT	N/A	VALIDATED	bit-fallback	88db69158ddeff95	30908a217997dc84	2f444dc513a565a5	UNSAT	UNSAT	UNSAT
qsynth_ea.csv	369	p11a	required_p11a_qsynth_ea_csv_369	UNKNOWN	UNKNOWN	UNKNOWN	UNKNOWN	incomplete	15d47aa66c5f16fb	a3431bc33a16364c	0055eac02f6e59d1	UNKNOWN	UNSAT	UNKNOWN
qsynth_ea.csv	392	p7e	required_p7e_qsynth_ea_csv_392	UNKNOWN	UNKNOWN	UNKNOWN	UNKNOWN	incomplete	834e2c6b90b58ad4	18f529d040fcbf3f	779529b1fca7c7c7	UNKNOWN	UNKNOWN	UNSAT
qsynth_ea.csv	423	p11b	required_p11b_qsynth_ea_csv_423	UNKNOWN	UNKNOWN	UNKNOWN	UNKNOWN	incomplete	c90b6120753b5a53	94ea8d8cd16213aa	fbee527d4e4baa11	UNKNOWN	UNSAT	UNKNOWN
qsynth_ea.csv	481	p11a	required_p11a_qsynth_ea_csv_481	UNKNOWN	UNKNOWN	UNKNOWN	UNKNOWN	incomplete	20cf6b8a809aa285	4afedf94e04eabdc	ceb621486364f0a7	UNKNOWN	UNSAT	UNKNOWN
qsynth_ea.csv	486	p11a	required_p11a_qsynth_ea_csv_486	UNKNOWN	UNKNOWN	UNKNOWN	UNKNOWN	incomplete	75848c70c7cd41df	d0635b99af17d734	3940914e927598b2	UNKNOWN	UNSAT	UNKNOWN
