kind	hash	occurrences	edges
pair	01acf63ea137a2e6	1	qsynth_ea.csv:486:2
pair	0311cc81813452a7	1	loki_tiny.csv:23810:0
pair	04f6bd15f23f2489	1	loki_tiny.csv:19290:0
pair	05183d93af5c9bab	1	loki_tiny.csv:16073:2
pair	062203696d6f30f4	1	loki_tiny.csv:14545:0
pair	08e105ea2549072b	1	loki_tiny.csv:14545:2
pair	0aa3d5230d86b508	1	loki_tiny.csv:3928:0
pair	0eed53512c4424b6	1	loki_tiny.csv:3979:0
pair	13853d6caba7a77d	1	qsynth_ea.csv:392:1
pair	13a018f4a82b8f0f	1	qsynth_ea.csv:139:0
pair	196d323c94d71c03	1	qsynth_ea.csv:260:0
pair	1f03b5942e6d4dd8	1	loki_tiny.csv:23488:0
pair	2353e539a29e48d2	1	loki_tiny.csv:23816:0
pair	27ae94a938b0546d	1	loki_tiny.csv:12689:0
pair	285ffd1bf799d9ef	1	qsynth_ea.csv:294:0
pair	2a9c0c43133904c9	1	loki_tiny.csv:19966:2
pair	2c46d6b09e44e52c	1	loki_tiny.csv:16073:0
pair	2f8d8115ad8f2503	1	qsynth_ea.csv:13:0
pair	3315d7fb16a8db9f	1	loki_tiny.csv:19565:0
pair	39e40a281892833d	1	qsynth_ea.csv:234:0
pair	39f62474c910e569	1	loki_tiny.csv:24338:0
pair	3acd073e8314af10	1	loki_tiny.csv:13238:0
pair	3b86e2e84ceadb35	1	qsynth_ea.csv:369:0
pair	3fb31a47ac06ba8d	1	qsynth_ea.csv:13:2
pair	435a938996e6a8b6	1	qsynth_ea.csv:481:2
pair	43a5112519f2c997	1	loki_tiny.csv:18631:0
pair	44b209cfc21ed53e	1	qsynth_ea.csv:234:2
pair	4797d3763fe2da76	1	loki_tiny.csv:19329:2
pair	48f34553a76de194	1	loki_tiny.csv:24869:0
pair	50d27afdafd7734e	1	qsynth_ea.csv:249:0
pair	524e7eaf123de7a6	1	qsynth_ea.csv:249:1
pair	594281595fe7e00c	1	loki_tiny.csv:18631:2
pair	595613e51fa31588	1	loki_tiny.csv:4549:0
pair	5db2cb347c772f14	1	qsynth_ea.csv:53:2
pair	64459ed5da1bcd77	1	loki_tiny.csv:4310:0
pair	647dd22c7a76832a	1	qsynth_ea.csv:294:2
pair	6508645b46ff4386	1	loki_tiny.csv:24869:2
pair	6906da7b09dbd020	1	qsynth_ea.csv:53:0
pair	70c1b537bb168d85	1	loki_tiny.csv:24932:0
pair	797328a6306b077b	1	loki_tiny.csv:19329:0
pair	7b6506446e83dbc5	1	qsynth_ea.csv:77:0
pair	832a12168a73cd35	1	qsynth_ea.csv:423:2
pair	8830f64f5786b0f0	1	loki_tiny.csv:19996:0
pair	8d85df5bb2eca93d	1	qsynth_ea.csv:423:0
pair	98d70e161b2cd157	1	qsynth_ea.csv:125:0
pair	a407f767aaec529c	1	loki_tiny.csv:14221:0
pair	a48e90494138c5a3	1	loki_tiny.csv:13752:0
pair	a7a23932132fd654	1	loki_tiny.csv:4087:2
pair	a98b324a727d3858	1	loki_tiny.csv:11431:0
pair	adea44d8bf705fd7	1	loki_tiny.csv:3979:1
pair	b0ca4dc27349d482	1	qsynth_ea.csv:25:0
pair	b23a0efbd807b1b5	1	loki_tiny.csv:4087:0
pair	b379e3e5cdec168e	1	loki_tiny.csv:13078:0
pair	b93156b48a2cca4b	1	qsynth_ea.csv:369:2
pair	baf09ae7b2838cda	1	qsynth_ea.csv:134:0
pair	bb1772219abb9738	1	loki_tiny.csv:12529:0
pair	c11f6916d5131763	1	loki_tiny.csv:12529:2
pair	ccf86fca23487409	1	loki_tiny.csv:4310:2
pair	cffd75012db81947	1	loki_tiny.csv:24932:2
pair	d048429f444607ec	1	loki_tiny.csv:19290:1
pair	d8386299f0dd07f2	1	loki_tiny.csv:17578:0
pair	de3492eb104f9871	1	loki_tiny.csv:24286:0
pair	de7ed92e7933963d	1	loki_tiny.csv:13752:1
pair	e2bfeb9cfa9b0c2d	1	qsynth_ea.csv:114:0
pair	e8f8d98313ba3ede	1	loki_tiny.csv:4583:0
pair	ee4bab8ea8d9673d	1	qsynth_ea.csv:210:0
pair	f0527867c1f14c82	1	qsynth_ea.csv:392:0
pair	f10f59afaa8e8f80	1	loki_tiny.csv:11431:2
pair	f1deb19863b60a17	1	qsynth_ea.csv:139:2
pair	f32a53055a84a987	1	loki_tiny.csv:19966:0
pair	f3e49a2a19e73887	1	loki_tiny.csv:12689:2
pair	f8d3511b994d7aae	1	qsynth_ea.csv:486:0
pair	fb880a79be5c4266	1	loki_tiny.csv:4581:0
pair	fe901b80309b2c62	1	qsynth_ea.csv:481:0
pair	ff5bf4852c644add	1	loki_tiny.csv:23004:0
residual	02e1fa8d17f3e414	1	loki_tiny.csv:19329:0
residual	04d2e368685a6b6e	1	qsynth_ea.csv:139:2
residual	06273048670e612c	1	loki_tiny.csv:16073:2
residual	06c24f2a044a7600	1	qsynth_ea.csv:392:1
residual	0abae3ca0648c6e7	1	loki_tiny.csv:24869:0
residual	0fd9c554b57da54e	1	loki_tiny.csv:19290:0
residual	11ba241210cee547	1	qsynth_ea.csv:392:0
residual	1a920a8f33bfe554	1	loki_tiny.csv:4310:2
residual	1dd99fb8d4255751	1	loki_tiny.csv:19329:2
residual	2142964a6e0bd5bf	1	qsynth_ea.csv:486:0
residual	23f4b25ee64e6ae0	1	qsynth_ea.csv:13:0
residual	273c2cb1a9863f5d	1	loki_tiny.csv:23488:0
residual	2c4edd9232cfff09	1	loki_tiny.csv:11431:0
residual	313411a41a15467f	1	loki_tiny.csv:13078:0
residual	3221c6811b449511	1	loki_tiny.csv:4087:2
residual	3862adcc27d95434	1	loki_tiny.csv:14545:2
residual	387bce1153b5d147	1	loki_tiny.csv:4581:0
residual	3acbbd710db77a86	1	loki_tiny.csv:4087:0
residual	3b33a79aec0f4a75	1	loki_tiny.csv:12529:0
residual	3b9ba017e77dead8	1	loki_tiny.csv:18631:0
residual	41406f2d12e4162e	1	loki_tiny.csv:24286:0
residual	46c54e8989fd9cd4	1	loki_tiny.csv:13752:0
residual	4b5996ec1b39ddaf	1	qsynth_ea.csv:249:0
residual	4cce1ffb57c328bf	1	loki_tiny.csv:3979:0
residual	4e66167a12522995	1	loki_tiny.csv:14545:0
residual	5499d57e57803070	1	qsynth_ea.csv:77:0
residual	552325ebd88ea9dc	1	loki_tiny.csv:23810:0
residual	5773e2fd787a271c	1	loki_tiny.csv:12529:2
residual	579d6d0f31c5f892	1	qsynth_ea.csv:114:0
residual	59a54949445dece2	1	loki_tiny.csv:13752:1
residual	5c3dd519652e93b9	1	loki_tiny.csv:3928:0
residual	5db9b9fd6c006964	1	qsynth_ea.csv:369:2
residual	6e87f8d1441251c8	1	qsynth_ea.csv:294:0
residual	6e89d210935e0813	1	qsynth_ea.csv:25:0
residual	6fb099fe445d3028	1	qsynth_ea.csv:13:2
residual	72c0b0056f9617e5	1	loki_tiny.csv:13238:0
residual	746cf0c128a4bfe6	1	loki_tiny.csv:19966:0
residual	8456731e0dd07be0	1	loki_tiny.csv:3979:1
residual	86cba71a5c8034a7	1	qsynth_ea.csv:481:0
residual	8bc7cd2e6e18cb9c	1	loki_tiny.csv:4310:0
residual	94ee11f6f8b8dd2d	1	qsynth_ea.csv:134:0
residual	a2f965113f2206bb	1	loki_tiny.csv:16073:0
residual	aab124b7876ecc59	1	loki_tiny.csv:18631:2
residual	af4c14c6f763274e	1	loki_tiny.csv:19966:2
residual	b1cea351f0eb748d	1	qsynth_ea.csv:53:0
residual	c2f9c9b09804fa16	1	loki_tiny.csv:12689:0
residual	c53c79710f5e22fd	1	qsynth_ea.csv:53:2
residual	c72f09e4f0e2a649	1	qsynth_ea.csv:481:2
residual	c803666669ebfe19	1	qsynth_ea.csv:249:1
residual	cd22988857d71e20	1	qsynth_ea.csv:260:0
residual	d30224b449e97cb7	1	loki_tiny.csv:23816:0
residual	d37e0c5033039469	1	loki_tiny.csv:4549:0
residual	d53929ee0226f7a3	1	loki_tiny.csv:4583:0
residual	d54cb7606ade89ac	1	loki_tiny.csv:23004:0
residual	d66ba2beccc6ba10	1	qsynth_ea.csv:139:0
residual	d7360520606208f8	1	loki_tiny.csv:24932:2
residual	d787eb522815c589	1	loki_tiny.csv:19290:1
residual	daa74436ec362238	1	loki_tiny.csv:12689:2
residual	df1c0a97a458b3e6	1	qsynth_ea.csv:234:0
residual	e0fa73fd8f42c45a	1	qsynth_ea.csv:210:0
residual	e3edfe552746b472	1	loki_tiny.csv:24338:0
residual	e5c58313cdb2648f	1	loki_tiny.csv:17578:0
residual	e7a4d034cacf50d8	1	qsynth_ea.csv:423:0
residual	ecf94501b96ac43f	1	loki_tiny.csv:14221:0
residual	f06242a78991e009	1	qsynth_ea.csv:234:2
residual	f076c44ee16f3ff7	1	loki_tiny.csv:19996:0
residual	f1b39f5f71ad8387	1	loki_tiny.csv:24869:2
residual	f2e1c906d5952791	1	loki_tiny.csv:11431:2
residual	fa63b6c6ec0ba5ca	1	qsynth_ea.csv:125:0
residual	fa95b41923bdf767	1	qsynth_ea.csv:486:2
residual	fb9dcf440ee27df6	1	qsynth_ea.csv:369:0
residual	fc44d3179c16fbba	1	qsynth_ea.csv:423:2
residual	fdb3dc01e6036e0a	1	loki_tiny.csv:24932:0
residual	ff5084677bfb75c6	1	loki_tiny.csv:19565:0
residual	ffa7503d25f3119b	1	qsynth_ea.csv:294:2
