dataset	line	lemma_id	source_nodes	candidate_nodes	source	candidate
qsynth_ea.csv	13	structured_lemma_qsynth_ea_csv_13_0	13	10	~ ((-0x1) * v1 + (-0x1) * (v0 * v1) + (-0x1) * (v1 * v1 * v1))	v1 + (-0x1) + v0 * v1 + v1 * v1 * v1
qsynth_ea.csv	13	structured_lemma_qsynth_ea_csv_13_1	9	5	~ ((-0x1) * (v0 + v1 * v1) + (-0x1))	v0 + v1 * v1
qsynth_ea.csv	13	structured_lemma_qsynth_ea_csv_13_2	2	1	(-0x1) * 0x1	(-0x1)
qsynth_ea.csv	13	structured_lemma_qsynth_ea_csv_13_3	2	1	(-0x1) * 0x2	(-0x2)
qsynth_ea.csv	13	structured_lemma_qsynth_ea_csv_13_4	4	3	(-0x1) * (0x2 * (v1))	(-0x2) * (v1)
qsynth_ea.csv	13	structured_lemma_qsynth_ea_csv_13_5	12	11	(-0x1) * ((-0x2) + 0x2 * (0x2 * v1 & v1 * v1) + (-0x4) * v1)	0x2 + 0x4 * v1 + (-0x2) * (0x2 * v1 & v1 * v1)
qsynth_ea.csv	13	structured_lemma_qsynth_ea_csv_13_6	3	2	v1 & v1	v1
qsynth_ea.csv	13	structured_lemma_qsynth_ea_csv_13_7	4	1	v1 & ~ v1	0x0
qsynth_ea.csv	13	structured_lemma_qsynth_ea_csv_13_8	4	1	~ v1 & v1	0x0
qsynth_ea.csv	13	structured_lemma_qsynth_ea_csv_13_9	8	7	v0 + v1 * v1 & (v1)	v1 & v0 + v1 * v1
qsynth_ea.csv	13	structured_lemma_qsynth_ea_csv_13_10	11	10	(-0x1) * (v0 + v1 * v1) + (-0x1) & (v1)	v1 & (-0x1) + (-0x1) * v0 + (-0x1) * (v1 * v1)
qsynth_ea.csv	13	structured_lemma_qsynth_ea_csv_13_11	3	2	v1 | v1	v1
qsynth_ea.csv	13	structured_lemma_qsynth_ea_csv_13_12	3	2	0x0 + v1	v1
qsynth_ea.csv	13	structured_lemma_qsynth_ea_csv_13_13	5	3	(v1) + (v1)	0x2 * (v1)
qsynth_ea.csv	13	structured_lemma_qsynth_ea_csv_13_14	17	11	(v1 * v1 | ~ (0x2 * (v1))) + (v1 * v1 | ~ (0x2 * (v1)))	(-0x2) + 0x2 * (0x2 * v1 & v1 * v1) + (-0x4) * v1
qsynth_ea.csv	13	structured_lemma_qsynth_ea_csv_13_15	14	6	(v0 ^ ~ (v1 * v1)) + (v0 | v1 * v1) * 0x2	v0 + (-0x1) + v1 * v1
qsynth_ea.csv	13	structured_lemma_qsynth_ea_csv_13_16	8	5	(v0 + (-0x1) + v1 * v1) + 0x1	v0 + v1 * v1
qsynth_ea.csv	13	structured_lemma_qsynth_ea_csv_13_17	16	13	(0x2 + 0x2 * v1 + (-0x2) * (0x2 * v1 & v1 * v1) + v1 * v1) + (-0x2)	0x2 * v1 + (-0x2) * (0x2 * v1 & v1 * v1) + v1 * v1
qsynth_ea.csv	13	structured_lemma_qsynth_ea_csv_13_18	18	14	((-0x2) * v1 + v1 * v1) + (0x2 + 0x4 * v1 + (-0x2) * (0x2 * v1 & v1 * v1))	0x2 + 0x2 * v1 + (-0x2) * (0x2 * v1 & v1 * v1) + v1 * v1
qsynth_ea.csv	13	structured_lemma_qsynth_ea_csv_13_19	5	3	v1 * v1 + 0x0	v1 * v1
qsynth_ea.csv	13	structured_lemma_qsynth_ea_csv_13_20	7	6	v1 * v1 + (-0x2) * (v1)	(-0x2) * v1 + v1 * v1
qsynth_ea.csv	13	structured_lemma_qsynth_ea_csv_13_21	43	12	(v1 & (-0x1) + (-0x1) * v0 + (-0x1) * (v1 * v1)) * ((-0x1) * (v0 + v1 * v1) + (-0x1) | v1) + ((-0x1) * (v0 + v1 * v1) + (-0x1) & ~ (v1)) * (v1 & v0 + v1 * v1)	(-0x1) * v1 + (-0x1) * (v0 * v1) + (-0x1) * (v1 * v1 * v1)
qsynth_ea.csv	13	structured_lemma_qsynth_ea_csv_13_22	3	1	0x0 * 0x0	0x0
qsynth_ea.csv	13	structured_lemma_qsynth_ea_csv_13_23	5	3	(v1) * (v1)	v1 * v1
qsynth_ea.csv	25	structured_lemma_qsynth_ea_csv_25_0	2	1	(-0x1) * 0x1	(-0x1)
qsynth_ea.csv	25	structured_lemma_qsynth_ea_csv_25_1	4	3	(-0x1) * (0x2 * (v2))	(-0x2) * (v2)
qsynth_ea.csv	25	structured_lemma_qsynth_ea_csv_25_2	12	10	(-0x1) * ((-0x1) + (-0x1) * (v2) + (-0x1) * (v3) + (v2 & v3))	0x1 + (v2) + (v3) + (-0x1) * (v2 & v3)
qsynth_ea.csv	25	structured_lemma_qsynth_ea_csv_25_3	3	2	v2 & v2	v2
qsynth_ea.csv	25	structured_lemma_qsynth_ea_csv_25_4	12	1	v2 & ~ ((v2) + (v3) + (-0x1) * (v2 & v3))	0x0
qsynth_ea.csv	25	structured_lemma_qsynth_ea_csv_25_5	4	1	v3 & ~ v3	0x0
qsynth_ea.csv	25	structured_lemma_qsynth_ea_csv_25_6	3	2	v2 | v2	v2
qsynth_ea.csv	25	structured_lemma_qsynth_ea_csv_25_7	10	10	(-0x1) + (-0x2) * (v2) | (-0x1) * v3 + (-0x1)	(-0x1) + (-0x1) * v3 + (v3 & (-0x1) + (-0x2) * v2)
qsynth_ea.csv	25	structured_lemma_qsynth_ea_csv_25_8	9	6	(-0x1) * v2 + (-0x1) | (-0x1) * v3 + (-0x1)	(-0x1) + (-0x1) * (v2 & v3)
qsynth_ea.csv	25	structured_lemma_qsynth_ea_csv_25_9	3	2	0x0 + v3	v3
qsynth_ea.csv	25	structured_lemma_qsynth_ea_csv_25_10	11	9	0x0 + ((v2) + (v3) + (-0x1) * (v2 & v3))	(v2) + (v3) + (-0x1) * (v2 & v3)
qsynth_ea.csv	25	structured_lemma_qsynth_ea_csv_25_11	5	5	(-0x2) * (v2) + (-0x1)	(-0x1) + (-0x2) * (v2)
qsynth_ea.csv	25	structured_lemma_qsynth_ea_csv_25_12	12	11	(-0x1) * ((v2) + (v3) + (-0x1) * (v2 & v3)) + (-0x1)	(-0x1) + (-0x1) * (v2) + (-0x1) * (v3) + (v2 & v3)
qsynth_ea.csv	25	structured_lemma_qsynth_ea_csv_25_13	5	3	(v2) + (v2)	0x2 * (v2)
qsynth_ea.csv	25	structured_lemma_qsynth_ea_csv_25_14	14	11	(v2 + (-0x1) + (v2 & v3) + (v3 & (-0x1) + (-0x2) * v2)) + 0x1	v2 + (v2 & v3) + (v3 & (-0x1) + (-0x2) * v2)
qsynth_ea.csv	25	structured_lemma_qsynth_ea_csv_25_15	13	10	(v3 + 0x1 + 0x2 * v2 + (v3 & (-0x1) + (-0x2) * v2)) + (-0x1)	v3 + 0x2 * v2 + (v3 & (-0x1) + (-0x2) * v2)
qsynth_ea.csv	25	structured_lemma_qsynth_ea_csv_25_16	22	12	(v3 + 0x2 * v2 + (v3 & (-0x1) + (-0x2) * v2)) + ((-0x1) + (-0x1) * (v2) + (-0x1) * (v3) + (v2 & v3))	v2 + (-0x1) + (v2 & v3) + (v3 & (-0x1) + (-0x2) * v2)
qsynth_ea.csv	25	structured_lemma_qsynth_ea_csv_25_17	12	9	(0x1 + (v2) + (v3) + (-0x1) * (v2 & v3)) + (-0x1)	(v2) + (v3) + (-0x1) * (v2 & v3)
qsynth_ea.csv	25	structured_lemma_qsynth_ea_csv_25_18	14	11	(0x2 * v2 + (v3 & (-0x1) + (-0x2) * v2)) + (-0x1) * ~ (v3)	v3 + 0x1 + 0x2 * v2 + (v3 & (-0x1) + (-0x2) * v2)
qsynth_ea.csv	25	structured_lemma_qsynth_ea_csv_25_19	12	9	((v2 + v3) + 0x1) + ((-0x1) + (-0x1) * (v2 & v3))	(v2) + (v3) + (-0x1) * (v2 & v3)
qsynth_ea.csv	25	structured_lemma_qsynth_ea_csv_25_20	18	9	((0x2 * (v2) + v3) + 0x1) + ((-0x1) + (-0x1) * v3 + (v3 & (-0x1) + (-0x2) * v2))	0x2 * v2 + (v3 & (-0x1) + (-0x2) * v2)
qsynth_ea.csv	53	structured_lemma_qsynth_ea_csv_53_0	15	15	~ (0x2 * (v1 * v1) + (-0x1) * (v1 * (v1 & v2)) + v1 * v2)	(-0x1) + (-0x2) * (v1 * v1) + (-0x1) * (v1 * v2) + v1 * (v1 & v2)
qsynth_ea.csv	53	structured_lemma_qsynth_ea_csv_53_1	11	11	~ ((v2) + 0x2 * (v1) + (-0x1) * (v2 & v1))	(-0x1) + (-0x2) * (v1) + (-0x1) * (v2) + (v1 & v2)
qsynth_ea.csv	53	structured_lemma_qsynth_ea_csv_53_2	2	1	(-0x1) * 0x1	(-0x1)
qsynth_ea.csv	53	structured_lemma_qsynth_ea_csv_53_3	11	10	(-0x1) * ~ ((v1) + (v2) + (-0x1) * (v1 & v2))	0x1 + (v1) + (v2) + (-0x1) * (v1 & v2)
qsynth_ea.csv	53	structured_lemma_qsynth_ea_csv_53_4	12	10	(-0x1) * (((-0x1) * v0 + (-0x1) | v1) + (-0x1) * (v1))	0x1 + (v0) + (v1) + (-0x1) * (v0 & v1)
qsynth_ea.csv	53	structured_lemma_qsynth_ea_csv_53_5	13	11	(-0x1) + (-0x2) * (v1) + (-0x1) * (v2) + (v1 & v2) & v1	v1 & (-0x1) + (-0x2) * v1 + (-0x1) * v2 + (v1 & v2)
qsynth_ea.csv	53	structured_lemma_qsynth_ea_csv_53_6	12	10	(v2) + 0x2 * (v1) + (-0x1) * (v2 & v1) & v1	v1 & v2 + 0x2 * v1 + (-0x1) * (v1 & v2)
qsynth_ea.csv	53	structured_lemma_qsynth_ea_csv_53_7	4	1	~ v1 | v1	(-0x1)
qsynth_ea.csv	53	structured_lemma_qsynth_ea_csv_53_8	9	6	(-0x1) * v2 + (-0x1) | (-0x1) * v1 + (-0x1)	(-0x1) + (-0x1) * (v1 & v2)
qsynth_ea.csv	53	structured_lemma_qsynth_ea_csv_53_9	12	11	v1 + (0x1 + (v1) + (v2) + (-0x1) * (v1 & v2))	0x1 + (v2) + 0x2 * (v1) + (-0x1) * (v2 & v1)
qsynth_ea.csv	53	structured_lemma_qsynth_ea_csv_53_10	5	2	(-0x1) + (-0x1) * ~ v1	v1
qsynth_ea.csv	53	structured_lemma_qsynth_ea_csv_53_11	34	33	(-0x1) * (0x2 * (v1 * v1) + (-0x1) * (v1 * (v1 & v2)) + (v2 & (-0x1) + (-0x2) * (v1 * v1) + (-0x1) * (v1 * v2) + v1 * (v1 & v2)) + v1 * v2) + (-0x1)	(-0x1) + (-0x2) * (v1 * v1) + (-0x1) * (v2 & (-0x1) + (-0x2) * (v1 * v1) + (-0x1) * (v1 * v2) + v1 * (v1 & v2)) + (-0x1) * (v1 * v2) + v1 * (v1 & v2)
qsynth_ea.csv	53	structured_lemma_qsynth_ea_csv_53_12	32	31	(v2 & (-0x1) + (-0x2) * (v1 * v1) + (-0x1) * (v1 * v2) + v1 * (v1 & v2)) + (0x2 * (v1 * v1) + (-0x1) * (v1 * (v1 & v2)) + v1 * v2)	0x2 * (v1 * v1) + (-0x1) * (v1 * (v1 & v2)) + (v2 & (-0x1) + (-0x2) * (v1 * v1) + (-0x1) * (v1 * v2) + v1 * (v1 & v2)) + v1 * v2
qsynth_ea.csv	53	structured_lemma_qsynth_ea_csv_53_13	12	9	(0x1 + (v0) + (v1) + (-0x1) * (v0 & v1)) + (-0x1)	(v0) + (v1) + (-0x1) * (v0 & v1)
qsynth_ea.csv	53	structured_lemma_qsynth_ea_csv_53_14	13	10	(0x1 + (v2) + 0x2 * (v1) + (-0x1) * (v2 & v1)) + (-0x1)	(v2) + 0x2 * (v1) + (-0x1) * (v2 & v1)
qsynth_ea.csv	53	structured_lemma_qsynth_ea_csv_53_15	41	38	((-0x1) + 0x2 * (v1 * v1) + (-0x1) * v0 + (-0x1) * v1 + (-0x1) * (v1 * (v1 & v2)) + (v0 & v1) + (v2 & (-0x1) + (-0x2) * (v1 * v1) + (-0x1) * (v1 * v2) + v1 * (v1 & v2)) + v1 * v2) + 0x1	0x2 * (v1 * v1) + (-0x1) * v0 + (-0x1) * v1 + (-0x1) * (v1 * (v1 & v2)) + (v0 & v1) + (v2 & (-0x1) + (-0x2) * (v1 * v1) + (-0x1) * (v1 * v2) + v1 * (v1 & v2)) + v1 * v2
qsynth_ea.csv	53	structured_lemma_qsynth_ea_csv_53_16	43	39	(0x2 * (v1 * v1) + (-0x1) * (v1 * (v1 & v2)) + (v2 & (-0x1) + (-0x2) * (v1 * v1) + (-0x1) * (v1 * v2) + v1 * (v1 & v2)) + v1 * v2) + (((-0x1) * v0 + (-0x1) | v1) + (-0x1) * (v1))	(-0x1) + 0x2 * (v1 * v1) + (-0x1) * v0 + (-0x1) * v1 + (-0x1) * (v1 * (v1 & v2)) + (v0 & v1) + (v2 & (-0x1) + (-0x2) * (v1 * v1) + (-0x1) * (v1 * v2) + v1 * (v1 & v2)) + v1 * v2
qsynth_ea.csv	53	structured_lemma_qsynth_ea_csv_53_17	12	9	((v2 + v1) + 0x1) + ((-0x1) + (-0x1) * (v1 & v2))	(v1) + (v2) + (-0x1) * (v1 & v2)
qsynth_ea.csv	53	structured_lemma_qsynth_ea_csv_53_18	49	14	(v1 & v2 + 0x2 * v1 + (-0x1) * (v1 & v2)) * ((v2) + 0x2 * (v1) + (-0x1) * (v2 & v1) | v1) + ((v2) + 0x2 * (v1) + (-0x1) * (v2 & v1) & ~ v1) * (v1 & (-0x1) + (-0x2) * v1 + (-0x1) * v2 + (v1 & v2))	0x2 * (v1 * v1) + (-0x1) * (v1 * (v1 & v2)) + v1 * v2
qsynth_ea.csv	77	structured_lemma_qsynth_ea_csv_77_0	2	1	(-0x1) * 0x0	0x0
qsynth_ea.csv	77	structured_lemma_qsynth_ea_csv_77_1	2	1	(-0x1) * 0x1	(-0x1)
qsynth_ea.csv	77	structured_lemma_qsynth_ea_csv_77_2	5	4	(-0x1) * ((-0x1) * v0 + (-0x1))	0x1 + (v0)
qsynth_ea.csv	77	structured_lemma_qsynth_ea_csv_77_3	3	3	v2 & v0	v0 & v2
qsynth_ea.csv	77	structured_lemma_qsynth_ea_csv_77_4	3	2	v2 & v2	v2
qsynth_ea.csv	77	structured_lemma_qsynth_ea_csv_77_5	4	1	v2 & ~ v2	0x0
qsynth_ea.csv	77	structured_lemma_qsynth_ea_csv_77_6	4	1	~ v2 & v2	0x0
qsynth_ea.csv	77	structured_lemma_qsynth_ea_csv_77_7	3	2	v2 | v2	v2
qsynth_ea.csv	77	structured_lemma_qsynth_ea_csv_77_8	10	5	(-0x1) * v0 + (-0x1) | (-0x1) * (v0) + (-0x1)	(-0x1) + (-0x1) * (v0)
qsynth_ea.csv	77	structured_lemma_qsynth_ea_csv_77_9	3	1	v2 ^ v2	0x0
qsynth_ea.csv	77	structured_lemma_qsynth_ea_csv_77_10	4	3	v0 + (v0)	0x2 * (v0)
qsynth_ea.csv	77	structured_lemma_qsynth_ea_csv_77_11	5	5	0x2 * (v0) + 0x1	0x1 + 0x2 * (v0)
qsynth_ea.csv	77	structured_lemma_qsynth_ea_csv_77_12	5	3	0x2 * (v2) + 0x0	0x2 * (v2)
qsynth_ea.csv	77	structured_lemma_qsynth_ea_csv_77_13	7	4	(v0 & v2) + (v0 & v2)	0x2 * (v0 & v2)
qsynth_ea.csv	77	structured_lemma_qsynth_ea_csv_77_14	25	25	(0x2 * v2 & v0 + v2 + ((-0x1) + (-0x1) * v0 + (-0x1) * v2 & v2 * v2)) + ~ (((v0) & ~ v2) + v2)	(-0x1) + (-0x1) * v0 + (-0x1) * v2 + (v0 & v2) + (0x2 * v2 & v0 + v2 + ((-0x1) + (-0x1) * v0 + (-0x1) * v2 & v2 * v2))
qsynth_ea.csv	77	structured_lemma_qsynth_ea_csv_77_15	24	16	(~ (0x2 * (v2)) | v0 + v2 + ((-0x1) + (-0x1) * v0 + (-0x1) * v2 & v2 * v2)) + (-0x1) * ~ (0x2 * (v2))	0x2 * v2 & v0 + v2 + ((-0x1) + (-0x1) * v0 + (-0x1) * v2 & v2 * v2)
qsynth_ea.csv	77	structured_lemma_qsynth_ea_csv_77_16	8	5	(v2 ^ v0) + 0x2 * (v0 & v2)	(v0) + (v2)
qsynth_ea.csv	77	structured_lemma_qsynth_ea_csv_77_17	23	13	(v0 + v2 + 0x1 + v2 * v2) + ((-0x1) * ((v0) + (v2)) + (-0x1) | (-0x1) * (v2 * v2) + (-0x1))	v0 + v2 + ((-0x1) + (-0x1) * v0 + (-0x1) * v2 & v2 * v2)
qsynth_ea.csv	77	structured_lemma_qsynth_ea_csv_77_18	8	7	(v0 + v2 + v2 * v2) + 0x1	v0 + v2 + 0x1 + v2 * v2
qsynth_ea.csv	77	structured_lemma_qsynth_ea_csv_77_19	11	2	(0x1 + 0x2 * (v0)) + ((-0x1) + (-0x1) * (v0))	v0
qsynth_ea.csv	77	structured_lemma_qsynth_ea_csv_77_20	6	2	(0x1 + (v0)) + (-0x1)	v0
qsynth_ea.csv	77	structured_lemma_qsynth_ea_csv_77_21	27	24	((-0x1) + (-0x1) * v0 + (-0x1) * v2 + (v0 & v2) + (0x2 * v2 & v0 + v2 + ((-0x1) + (-0x1) * v0 + (-0x1) * v2 & v2 * v2))) + 0x1	(-0x1) * v0 + (-0x1) * v2 + (v0 & v2) + (0x2 * v2 & v0 + v2 + ((-0x1) + (-0x1) * v0 + (-0x1) * v2 & v2 * v2))
qsynth_ea.csv	77	structured_lemma_qsynth_ea_csv_77_22	9	6	((v0) + (v2)) + v2 * v2	v0 + v2 + v2 * v2
qsynth_ea.csv	77	structured_lemma_qsynth_ea_csv_77_23	5	3	v2 * v2 + 0x0	v2 * v2
qsynth_ea.csv	77	structured_lemma_qsynth_ea_csv_77_24	3	1	0x0 * 0x0	0x0
qsynth_ea.csv	77	structured_lemma_qsynth_ea_csv_77_25	4	3	(v2) * 0x2	0x2 * (v2)
qsynth_ea.csv	77	structured_lemma_qsynth_ea_csv_77_26	5	3	(v2) * (v2)	v2 * v2
qsynth_ea.csv	125	structured_lemma_qsynth_ea_csv_125_0	4	4	~ ((-0x1) * (v3))	(-0x1) + (v3)
qsynth_ea.csv	125	structured_lemma_qsynth_ea_csv_125_1	9	9	~ (v2 + (-0x1) * (v2 & v3 + (-0x1)))	(-0x1) + (-0x1) * v2 + (v2 & v3 + (-0x1))
qsynth_ea.csv	125	structured_lemma_qsynth_ea_csv_125_2	4	3	~ (v3 + (-0x1))	(-0x1) * (v3)
qsynth_ea.csv	125	structured_lemma_qsynth_ea_csv_125_3	2	1	(-0x1) * 0x1	(-0x1)
qsynth_ea.csv	125	structured_lemma_qsynth_ea_csv_125_4	9	8	(-0x1) * (0x2 * (v4) + (-0x2) * (v4 & v2))	(-0x2) * (v4) + 0x2 * (v2 & v4)
qsynth_ea.csv	125	structured_lemma_qsynth_ea_csv_125_5	3	2	v3 & v3	v3
qsynth_ea.csv	125	structured_lemma_qsynth_ea_csv_125_6	4	1	v3 & ~ v3	0x0
qsynth_ea.csv	125	structured_lemma_qsynth_ea_csv_125_7	4	1	~ v3 & v3	0x0
qsynth_ea.csv	125	structured_lemma_qsynth_ea_csv_125_8	13	6	(v2 & v3) & (-0x1) + (-0x1) * v2 + (v2 & v3 + (-0x1))	v2 & v3 & v3 + (-0x1)
qsynth_ea.csv	125	structured_lemma_qsynth_ea_csv_125_9	3	2	v3 | v3	v3
qsynth_ea.csv	125	structured_lemma_qsynth_ea_csv_125_10	18	15	(-0x1) * (v2 + (-0x1) + (-0x1) * (v2 & v3 + (-0x1)) + (v2 & v3 & v3 + (-0x1))) + (-0x1)	(-0x1) * v2 + (-0x1) * (v2 & v3 & v3 + (-0x1)) + (v2 & v3 + (-0x1))
qsynth_ea.csv	125	structured_lemma_qsynth_ea_csv_125_11	15	14	(v2 & v3 & v3 + (-0x1)) + (v2 + (-0x1) * (v2 & v3 + (-0x1)))	v2 + (-0x1) * (v2 & v3 + (-0x1)) + (v2 & v3 & v3 + (-0x1))
qsynth_ea.csv	125	structured_lemma_qsynth_ea_csv_125_12	9	8	(~ v2 & v4) + (~ v2 & v4)	0x2 * (v4) + (-0x2) * (v4 & v2)
qsynth_ea.csv	125	structured_lemma_qsynth_ea_csv_125_13	24	23	(v2 + (-0x1) * v4 & v3 * v3) + (v2 + (-0x1) + (-0x1) * (v2 & v3 + (-0x1)) + (v2 & v3 & v3 + (-0x1)))	v2 + (-0x1) + (-0x1) * (v2 & v3 + (-0x1)) + (v2 & v3 & v3 + (-0x1)) + (v2 + (-0x1) * v4 & v3 * v3)
qsynth_ea.csv	125	structured_lemma_qsynth_ea_csv_125_14	6	5	(~ v2 | v3) + v2	(-0x1) + (v2 & v3)
qsynth_ea.csv	125	structured_lemma_qsynth_ea_csv_125_15	17	8	(~ (v3 * v3) | (v2) + (-0x1) * (v4)) + (-0x1) * ~ (v3 * v3)	v2 + (-0x1) * v4 & v3 * v3
qsynth_ea.csv	125	structured_lemma_qsynth_ea_csv_125_16	12	8	((-0x1) + (v3) | v2) + (-0x1) * ((-0x1) + (v3))	v2 + (-0x1) * (v2 & v3 + (-0x1))
qsynth_ea.csv	125	structured_lemma_qsynth_ea_csv_125_17	12	6	(v2 ^ v4) + ((-0x2) * (v4) + 0x2 * (v2 & v4))	(v2) + (-0x1) * (v4)
qsynth_ea.csv	125	structured_lemma_qsynth_ea_csv_125_18	25	22	(v2 + (-0x1) + (-0x1) * (v2 & v3 + (-0x1)) + (v2 & v3 & v3 + (-0x1)) + (v2 + (-0x1) * v4 & v3 * v3)) + 0x1	v2 + (-0x1) * (v2 & v3 + (-0x1)) + (v2 & v3 & v3 + (-0x1)) + (v2 + (-0x1) * v4 & v3 * v3)
qsynth_ea.csv	125	structured_lemma_qsynth_ea_csv_125_19	16	15	(v2 + (-0x1) * (v2 & v3 + (-0x1)) + (v2 & v3 & v3 + (-0x1))) + (-0x1)	v2 + (-0x1) + (-0x1) * (v2 & v3 + (-0x1)) + (v2 & v3 & v3 + (-0x1))
qsynth_ea.csv	125	structured_lemma_qsynth_ea_csv_125_20	50	38	(v2 + (-0x1) * (v2 & v3 + (-0x1)) + (v2 & v3 & v3 + (-0x1)) + (v2 + (-0x1) * v4 & v3 * v3)) + ((-0x1) * (v2 + (-0x1) * v4 & v3 * v3) + (-0x1) | (-0x1) * v2 + (-0x1) * (v2 & v3 & v3 + (-0x1)) + (v2 & v3 + (-0x1)))	v2 + (-0x1) + (-0x1) * (v2 & v3 + (-0x1)) + (v2 & v3 & v3 + (-0x1)) + (v2 + (-0x1) * v4 & (-0x1) * v2 + (-0x1) * (v2 & v3 & v3 + (-0x1)) + (v2 & v3 + (-0x1)) & v3 * v3)
qsynth_ea.csv	125	structured_lemma_qsynth_ea_csv_125_21	7	3	((-0x1) + (v2 & v3)) + 0x1	v2 & v3
qsynth_ea.csv	125	structured_lemma_qsynth_ea_csv_125_22	5	3	v3 * v3 + 0x0	v3 * v3
qsynth_ea.csv	125	structured_lemma_qsynth_ea_csv_125_23	3	1	0x0 * 0x0	0x0
qsynth_ea.csv	125	structured_lemma_qsynth_ea_csv_125_24	5	3	(v3) * (v3)	v3 * v3
qsynth_ea.csv	134	structured_lemma_qsynth_ea_csv_134_0	2	1	(-0x1) * 0x1	(-0x1)
qsynth_ea.csv	134	structured_lemma_qsynth_ea_csv_134_1	15	12	(-0x1) * ~ (v2 + v4 + (-0x1) + (v2 & v4 & (-0x1) + (-0x1) * v2 + (-0x1) * v4))	v2 + v4 + (v2 & v4 & (-0x1) + (-0x1) * v2 + (-0x1) * v4)
qsynth_ea.csv	134	structured_lemma_qsynth_ea_csv_134_2	15	14	(-0x1) * (0x2 * (v4 & v2 + v4) + (-0x2) * v4 + (-0x1) * v2 + v4 * v4)	v2 + 0x2 * v4 + (-0x2) * (v4 & v2 + v4) + (-0x1) * (v4 * v4)
qsynth_ea.csv	134	structured_lemma_qsynth_ea_csv_134_3	3	2	v4 & v4	v4
qsynth_ea.csv	134	structured_lemma_qsynth_ea_csv_134_4	4	1	v4 & ~ v4	0x0
qsynth_ea.csv	134	structured_lemma_qsynth_ea_csv_134_5	4	1	~ v4 & v4	0x0
qsynth_ea.csv	134	structured_lemma_qsynth_ea_csv_134_6	7	5	(v2) + (v4) & v4	v4 & v2 + v4
qsynth_ea.csv	134	structured_lemma_qsynth_ea_csv_134_7	3	2	v4 | v4	v4
qsynth_ea.csv	134	structured_lemma_qsynth_ea_csv_134_8	29	24	~ (v2 + v4 + (-0x1) + (v2 & v4 & (-0x1) + (-0x1) * v2 + (-0x1) * v4)) + (0x2 * (v4 & v2 + v4) + (-0x2) * v4 + (-0x1) * v2 + v4 * v4)	0x2 * (v4 & v2 + v4) + (-0x3) * v4 + (-0x2) * v2 + (-0x1) * (v2 & v4) + (v2 & v4 & v2 + v4) + v4 * v4
qsynth_ea.csv	134	structured_lemma_qsynth_ea_csv_134_9	9	8	(v2 & v4) + ((v2) + (v4))	(v2) + (v4) + (v2 & v4)
qsynth_ea.csv	134	structured_lemma_qsynth_ea_csv_134_10	7	5	(v2 | v4) + (v2 & v4)	(v2) + (v4)
qsynth_ea.csv	134	structured_lemma_qsynth_ea_csv_134_11	8	3	(~ v2 | v4) + (-0x1) * ~ v2	v2 & v4
qsynth_ea.csv	134	structured_lemma_qsynth_ea_csv_134_12	14	10	((v2) + (v4) | v4) + (-0x1) * (v4 & v2 + v4)	v2 + 0x2 * v4 + (-0x2) * (v4 & v2 + v4)
qsynth_ea.csv	134	structured_lemma_qsynth_ea_csv_134_13	14	13	(v2 + v4 + (v2 & v4 & (-0x1) + (-0x1) * v2 + (-0x1) * v4)) + (-0x1)	v2 + v4 + (-0x1) + (v2 & v4 & (-0x1) + (-0x1) * v2 + (-0x1) * v4)
qsynth_ea.csv	134	structured_lemma_qsynth_ea_csv_134_14	16	15	(v2 + 0x2 * v4 + (-0x2) * (v4 & v2 + v4) + (-0x1) * (v4 * v4)) + (-0x1)	v2 + (-0x1) + 0x2 * v4 + (-0x2) * (v4 & v2 + v4) + (-0x1) * (v4 * v4)
qsynth_ea.csv	134	structured_lemma_qsynth_ea_csv_134_15	55	32	(0x1 + 0x2 * (v4 & v2 + v4) + (-0x3) * v4 + (-0x2) * v2 + (-0x1) * (v2 & v4) + (v2 & v4 & v2 + v4) + v4 * v4) + (v2 + v4 + (-0x1) + (v2 & v4 & (-0x1) + (-0x1) * v2 + (-0x1) * v4) | v2 + (-0x1) + 0x2 * v4 + (-0x2) * (v4 & v2 + v4) + (-0x1) * (v4 * v4))	(-0x1) + (-0x1) * (v2 + v4 + (-0x1) + (v2 & v4 & (-0x1) + (-0x1) * v2 + (-0x1) * v4) & v2 + (-0x1) + 0x2 * v4 + (-0x2) * (v4 & v2 + v4) + (-0x1) * (v4 * v4))
qsynth_ea.csv	134	structured_lemma_qsynth_ea_csv_134_16	25	12	(0x1 + (v2) + (v4) + (v2 & v4)) + ((-0x1) * (v2 & v4) + (-0x1) | (-0x1) * ((v2) + (v4)) + (-0x1))	v2 + v4 + (v2 & v4 & (-0x1) + (-0x1) * v2 + (-0x1) * v4)
qsynth_ea.csv	134	structured_lemma_qsynth_ea_csv_134_17	17	14	((-0x1) + 0x2 * (v4 & v2 + v4) + (-0x2) * v4 + (-0x1) * v2 + v4 * v4) + 0x1	0x2 * (v4 & v2 + v4) + (-0x2) * v4 + (-0x1) * v2 + v4 * v4
qsynth_ea.csv	134	structured_lemma_qsynth_ea_csv_134_18	26	25	(0x2 * (v4 & v2 + v4) + (-0x3) * v4 + (-0x2) * v2 + (-0x1) * (v2 & v4) + (v2 & v4 & v2 + v4) + v4 * v4) + 0x1	0x1 + 0x2 * (v4 & v2 + v4) + (-0x3) * v4 + (-0x2) * v2 + (-0x1) * (v2 & v4) + (v2 & v4 & v2 + v4) + v4 * v4
qsynth_ea.csv	134	structured_lemma_qsynth_ea_csv_134_19	10	9	((v2) + (v4) + (v2 & v4)) + 0x1	0x1 + (v2) + (v4) + (v2 & v4)
qsynth_ea.csv	134	structured_lemma_qsynth_ea_csv_134_20	12	5	((v2 | v4) + (v2 | v4)) + (-0x1) * (v2 ^ v4)	(v2) + (v4)
qsynth_ea.csv	134	structured_lemma_qsynth_ea_csv_134_21	5	3	v4 * v4 + 0x0	v4 * v4
qsynth_ea.csv	134	structured_lemma_qsynth_ea_csv_134_22	15	15	v4 * v4 + ~ (v2 + 0x2 * v4 + (-0x2) * (v4 & v2 + v4))	(-0x1) + 0x2 * (v4 & v2 + v4) + (-0x2) * v4 + (-0x1) * v2 + v4 * v4
qsynth_ea.csv	134	structured_lemma_qsynth_ea_csv_134_23	3	1	0x0 * 0x0	0x0
qsynth_ea.csv	134	structured_lemma_qsynth_ea_csv_134_24	5	3	(v4) * (v4)	v4 * v4
qsynth_ea.csv	139	structured_lemma_qsynth_ea_csv_139_0	15	10	~ ((-0x1) + 0x2 * (v0 & v1 + v2) + (-0x1) * v0 + (-0x1) * v1 + (-0x1) * v2)	v0 + v1 + v2 + (-0x2) * (v0 & v1 + v2)
qsynth_ea.csv	139	structured_lemma_qsynth_ea_csv_139_1	9	5	~ ((-0x1) * ((v1) + (v2)) + (-0x1))	(v1) + (v2)
qsynth_ea.csv	139	structured_lemma_qsynth_ea_csv_139_2	2	1	(-0x1) * 0x1	(-0x1)
qsynth_ea.csv	139	structured_lemma_qsynth_ea_csv_139_3	2	1	(-0x1) * 0x2	(-0x2)
qsynth_ea.csv	139	structured_lemma_qsynth_ea_csv_139_4	10	9	(-0x1) * ((-0x2) + (-0x2) * (v1) + 0x2 * (v0 & v1))	0x2 + 0x2 * (v1) + (-0x2) * (v1 & v0)
qsynth_ea.csv	139	structured_lemma_qsynth_ea_csv_139_5	14	13	(-0x1) * (0x2 * v0 + 0x2 * v1 + 0x2 * v2 + (-0x2) * (v0 & v1 + v2))	0x2 * (v0 & v1 + v2) + (-0x2) * v0 + (-0x2) * v1 + (-0x2) * v2
qsynth_ea.csv	139	structured_lemma_qsynth_ea_csv_139_6	9	6	(-0x1) * ((-0x1) * ((v1) + (v2)) + (-0x1))	0x1 + (v1) + (v2)
qsynth_ea.csv	139	structured_lemma_qsynth_ea_csv_139_7	3	3	v2 & v0	v0 & v2
qsynth_ea.csv	139	structured_lemma_qsynth_ea_csv_139_8	8	8	v0 + (0x1 + (v1) + (v2))	0x1 + (v0) + (v1) + (v2)
qsynth_ea.csv	139	structured_lemma_qsynth_ea_csv_139_9	9	9	(v0 | ~ v1) + (v0 | ~ v1)	(-0x2) + (-0x2) * (v1) + 0x2 * (v0 & v1)
qsynth_ea.csv	139	structured_lemma_qsynth_ea_csv_139_10	15	13	(v0 | (v1) + (v2)) + (v0 | (v1) + (v2))	0x2 * v0 + 0x2 * v1 + 0x2 * v2 + (-0x2) * (v0 & v1 + v2)
qsynth_ea.csv	139	structured_lemma_qsynth_ea_csv_139_11	7	5	(v1 | v2) + (v1 & v2)	(v1) + (v2)
qsynth_ea.csv	139	structured_lemma_qsynth_ea_csv_139_12	22	13	(~ ((v0) + (v1) + (-0x2) * (v0 & v1)) | v2) + ((v0) + (v1) + (-0x2) * (v0 & v1))	(-0x1) + (v0 & v2) + (v1 & v2) + (-0x2) * (v0 & v1 & v2)
qsynth_ea.csv	139	structured_lemma_qsynth_ea_csv_139_13	12	11	(v0 + v1 + v2 + (-0x2) * (v0 & v1 + v2)) + 0x1	v0 + v1 + v2 + 0x1 + (-0x2) * (v0 & v1 + v2)
qsynth_ea.csv	139	structured_lemma_qsynth_ea_csv_139_14	14	10	(v0 + (-0x1) * v1) + (0x2 + 0x2 * (v1) + (-0x2) * (v1 & v0))	0x2 + (v0) + (v1) + (-0x2) * (v0 & v1)
qsynth_ea.csv	139	structured_lemma_qsynth_ea_csv_139_15	16	14	(0x1 + 0x2 * (v0 & v1 + v2) + (-0x1) * v0 + (-0x1) * v1 + (-0x1) * v2) + (-0x2)	(-0x1) + 0x2 * (v0 & v1 + v2) + (-0x1) * v0 + (-0x1) * v1 + (-0x1) * v2
qsynth_ea.csv	139	structured_lemma_qsynth_ea_csv_139_16	22	14	(0x1 + (v0) + (v1) + (v2)) + (0x2 * (v0 & v1 + v2) + (-0x2) * v0 + (-0x2) * v1 + (-0x2) * v2)	0x1 + 0x2 * (v0 & v1 + v2) + (-0x1) * v0 + (-0x1) * v1 + (-0x1) * v2
qsynth_ea.csv	139	structured_lemma_qsynth_ea_csv_139_17	12	9	(0x2 + (v0) + (v1) + (-0x2) * (v0 & v1)) + (-0x2)	(v0) + (v1) + (-0x2) * (v0 & v1)
qsynth_ea.csv	139	structured_lemma_qsynth_ea_csv_139_18	15	12	((-0x1) + (v0 & v2) + (v1 & v2) + (-0x2) * (v0 & v1 & v2)) + 0x1	(v0 & v2) + (v1 & v2) + (-0x2) * (v0 & v1 & v2)
qsynth_ea.csv	210	structured_lemma_qsynth_ea_csv_210_0	14	13	~ (0x3 * v3 + (-0x2) * (0x2 * v3 & v3 + (-0x1) * v2) + (-0x1) * v2)	v2 + (-0x1) + 0x2 * (0x2 * v3 & v3 + (-0x1) * v2) + (-0x3) * v3
qsynth_ea.csv	210	structured_lemma_qsynth_ea_csv_210_1	9	9	~ ((-0x1) * (v3 * v3) + v2 * v3)	(-0x1) + (-0x1) * (v2 * v3) + v3 * v3
qsynth_ea.csv	210	structured_lemma_qsynth_ea_csv_210_2	7	7	~ ((v2) + (-0x1) * (v3))	(-0x1) + (v3) + (-0x1) * (v2)
qsynth_ea.csv	210	structured_lemma_qsynth_ea_csv_210_3	2	1	(-0x1) * 0x2	(-0x2)
qsynth_ea.csv	210	structured_lemma_qsynth_ea_csv_210_4	4	3	(-0x1) * (0x2 * (v3))	(-0x2) * (v3)
qsynth_ea.csv	210	structured_lemma_qsynth_ea_csv_210_5	13	12	(-0x1) * ((-0x2) + 0x2 * (0x2 * v3 & v3 + (-0x1) * v2) + (-0x4) * v3)	0x2 + 0x4 * v3 + (-0x2) * (0x2 * v3 & v3 + (-0x1) * v2)
qsynth_ea.csv	210	structured_lemma_qsynth_ea_csv_210_6	10	9	(-0x1) * ((-0x1) + (-0x1) * (v2 * v3) + v3 * v3)	0x1 + (-0x1) * (v3 * v3) + v2 * v3
qsynth_ea.csv	210	structured_lemma_qsynth_ea_csv_210_7	3	2	v3 & v3	v3
qsynth_ea.csv	210	structured_lemma_qsynth_ea_csv_210_8	9	7	v3 & (-0x1) + (v3) + (-0x1) * (v2)	v3 & v3 + (-0x1) + (-0x1) * v2
qsynth_ea.csv	210	structured_lemma_qsynth_ea_csv_210_9	8	6	v3 & (v2) + (-0x1) * (v3)	v3 & v2 + (-0x1) * v3
qsynth_ea.csv	210	structured_lemma_qsynth_ea_csv_210_10	11	11	(v3) + (-0x1) * (v2) | ~ (0x2 * (v3))	(-0x1) + (-0x2) * v3 + (0x2 * v3 & v3 + (-0x1) * v2)
qsynth_ea.csv	210	structured_lemma_qsynth_ea_csv_210_11	3	1	v3 ^ v3	0x0
qsynth_ea.csv	210	structured_lemma_qsynth_ea_csv_210_12	5	3	0x0 + 0x2 * (v3)	0x2 * (v3)
qsynth_ea.csv	210	structured_lemma_qsynth_ea_csv_210_13	10	6	(v2 & ~ v3) + (-0x1) * (~ v2 & v3)	(v2) + (-0x1) * (v3)
qsynth_ea.csv	210	structured_lemma_qsynth_ea_csv_210_14	5	3	(v3) + (v3)	0x2 * (v3)
qsynth_ea.csv	210	structured_lemma_qsynth_ea_csv_210_15	21	14	((-0x1) + (-0x1) * (v2 * v3) + v3 * v3 | v2) + (0x1 + (-0x1) * (v3 * v3) + v2 * v3)	v2 + (-0x1) * (v2 & (-0x1) + (-0x1) * (v2 * v3) + v3 * v3)
qsynth_ea.csv	210	structured_lemma_qsynth_ea_csv_210_16	11	6	(v3 ^ v2) + (-0x1) * ((~ v3 & v2) * 0x2)	(v3) + (-0x1) * (v2)
qsynth_ea.csv	210	structured_lemma_qsynth_ea_csv_210_17	16	13	(0x2 + 0x3 * v3 + (-0x2) * (0x2 * v3 & v3 + (-0x1) * v2) + (-0x1) * v2) + (-0x2)	0x3 * v3 + (-0x2) * (0x2 * v3 & v3 + (-0x1) * v2) + (-0x1) * v2
qsynth_ea.csv	210	structured_lemma_qsynth_ea_csv_210_18	23	12	((-0x1) + (-0x2) * v3 + (0x2 * v3 & v3 + (-0x1) * v2)) + ((-0x1) + (-0x2) * v3 + (0x2 * v3 & v3 + (-0x1) * v2))	(-0x2) + 0x2 * (0x2 * v3 & v3 + (-0x1) * v2) + (-0x4) * v3
qsynth_ea.csv	210	structured_lemma_qsynth_ea_csv_210_19	20	14	((-0x1) * (v2) + (-0x1) * (v3)) + (0x2 + 0x4 * v3 + (-0x2) * (0x2 * v3 & v3 + (-0x1) * v2))	0x2 + 0x3 * v3 + (-0x2) * (0x2 * v3 & v3 + (-0x1) * v2) + (-0x1) * v2
qsynth_ea.csv	210	structured_lemma_qsynth_ea_csv_210_20	10	7	((v3) + (-0x1) * (v2)) + (-0x2) * (v3)	(-0x1) * (v2) + (-0x1) * (v3)
qsynth_ea.csv	210	structured_lemma_qsynth_ea_csv_210_21	33	8	(v3 & v2 + (-0x1) * v3) * (v3 | (v2) + (-0x1) * (v3)) + (v3 & v3 + (-0x1) + (-0x1) * v2) * (~ v3 & (v2) + (-0x1) * (v3))	(-0x1) * (v3 * v3) + v2 * v3
qsynth_ea.csv	234	structured_lemma_qsynth_ea_csv_234_0	4	3	~ (v2 + (-0x1))	(-0x1) * (v2)
qsynth_ea.csv	234	structured_lemma_qsynth_ea_csv_234_1	8	8	~ (v3 + (-0x1) * (v3 & (-0x1) * v2))	(-0x1) + (-0x1) * v3 + (v3 & (-0x1) * v2)
qsynth_ea.csv	234	structured_lemma_qsynth_ea_csv_234_2	2	1	(-0x1) * 0x1	(-0x1)
qsynth_ea.csv	234	structured_lemma_qsynth_ea_csv_234_3	4	2	(-0x1) * ((-0x1) * (v2))	v2
qsynth_ea.csv	234	structured_lemma_qsynth_ea_csv_234_4	14	13	(-0x1) * ((-0x1) * (v2 * v3 * (v3 & (-0x1) * v2)) + v2 * v3 * v3)	(-0x1) * (v2 * v3 * v3) + v2 * v3 * (v3 & (-0x1) * v2)
qsynth_ea.csv	234	structured_lemma_qsynth_ea_csv_234_5	3	2	v3 & v3	v3
qsynth_ea.csv	234	structured_lemma_qsynth_ea_csv_234_6	4	1	v3 & ~ v3	0x0
qsynth_ea.csv	234	structured_lemma_qsynth_ea_csv_234_7	4	1	~ v3 & v3	0x0
qsynth_ea.csv	234	structured_lemma_qsynth_ea_csv_234_8	3	2	v3 | v3	v3
qsynth_ea.csv	234	structured_lemma_qsynth_ea_csv_234_9	8	7	((-0x1) * (v2) | v3) + (v2)	v3 + (-0x1) * (v3 & (-0x1) * v2)
qsynth_ea.csv	234	structured_lemma_qsynth_ea_csv_234_10	16	15	(v2 * v3 | v3 * v3) + (-0x1) * (v2 * v3 & v3 * v3)	(-0x2) * (v2 * v3 & v3 * v3) + v2 * v3 + v3 * v3
qsynth_ea.csv	234	structured_lemma_qsynth_ea_csv_234_11	29	28	((-0x2) * (v2 * v3 & v3 * v3) + (-0x1) * (v2 * v3 * (v3 & (-0x1) * v2)) + v2 * v3 + v2 * v3 * v3 + v3 * v3) + 0x1	0x1 + (-0x2) * (v2 * v3 & v3 * v3) + (-0x1) * (v2 * v3 * (v3 & (-0x1) * v2)) + v2 * v3 + v2 * v3 * v3 + v3 * v3
qsynth_ea.csv	234	structured_lemma_qsynth_ea_csv_234_12	15	14	((-0x1) * (v2 * v3 * v3) + v2 * v3 * (v3 & (-0x1) * v2)) + (-0x1)	(-0x1) + (-0x1) * (v2 * v3 * v3) + v2 * v3 * (v3 & (-0x1) * v2)
qsynth_ea.csv	234	structured_lemma_qsynth_ea_csv_234_13	29	27	((-0x1) * (v2 * v3 * (v3 & (-0x1) * v2)) + v2 * v3 * v3) + ((-0x2) * (v2 * v3 & v3 * v3) + v2 * v3 + v3 * v3)	(-0x2) * (v2 * v3 & v3 * v3) + (-0x1) * (v2 * v3 * (v3 & (-0x1) * v2)) + v2 * v3 + v2 * v3 * v3 + v3 * v3
qsynth_ea.csv	234	structured_lemma_qsynth_ea_csv_234_14	5	3	v3 * v3 + 0x0	v3 * v3
qsynth_ea.csv	234	structured_lemma_qsynth_ea_csv_234_15	17	3	(v2 & v3) * (v2 | v3) + (v2 & ~ v3) * (~ v2 & v3)	v2 * v3
qsynth_ea.csv	234	structured_lemma_qsynth_ea_csv_234_16	49	13	(v2 * v3 & v3 + (-0x1) * (v3 & (-0x1) * v2)) * (v2 * v3 | v3 + (-0x1) * (v3 & (-0x1) * v2)) + (v2 * v3 & (-0x1) + (-0x1) * v3 + (v3 & (-0x1) * v2)) * (~ (v2 * v3) & v3 + (-0x1) * (v3 & (-0x1) * v2))	(-0x1) * (v2 * v3 * (v3 & (-0x1) * v2)) + v2 * v3 * v3
qsynth_ea.csv	234	structured_lemma_qsynth_ea_csv_234_17	3	1	0x0 * 0x0	0x0
qsynth_ea.csv	234	structured_lemma_qsynth_ea_csv_234_18	5	3	(v3) * (v3)	v3 * v3
qsynth_ea.csv	249	structured_lemma_qsynth_ea_csv_249_0	5	2	~ ((-0x1) * v0 + (-0x1))	v0
qsynth_ea.csv	249	structured_lemma_qsynth_ea_csv_249_1	2	1	(-0x1) * 0x1	(-0x1)
qsynth_ea.csv	249	structured_lemma_qsynth_ea_csv_249_2	2	1	(-0x1) * 0x2	(-0x2)
qsynth_ea.csv	249	structured_lemma_qsynth_ea_csv_249_3	2	1	(-0x1) * (-0x2)	0x2
qsynth_ea.csv	249	structured_lemma_qsynth_ea_csv_249_4	15	14	(-0x1) * ((-0x2) + 0x2 * (v1 & (-0x1) * v1 + (-0x1) * (v0 * v1)) + (-0x2) * v1)	0x2 + 0x2 * v1 + (-0x2) * (v1 & (-0x1) * v1 + (-0x1) * (v0 * v1))
qsynth_ea.csv	249	structured_lemma_qsynth_ea_csv_249_5	4	1	v0 & ~ v0	0x0
qsynth_ea.csv	249	structured_lemma_qsynth_ea_csv_249_6	4	3	v1 & (v0)	v0 & v1
qsynth_ea.csv	249	structured_lemma_qsynth_ea_csv_249_7	18	17	(-0x2) * (v1 & (-0x1) * v1 + (-0x1) * (v0 * v1)) + (-0x1) * (v0 * v1) & (v0)	v0 & (-0x2) * (v1 & (-0x1) * v1 + (-0x1) * (v0 * v1)) + (-0x1) * (v0 * v1)
qsynth_ea.csv	249	structured_lemma_qsynth_ea_csv_249_8	40	38	(v0) + (v1) & v0 + (-0x2) * (v0 & (-0x2) * (v1 & (-0x1) * v1 + (-0x1) * (v0 * v1)) + (-0x1) * (v0 * v1)) + (-0x2) * (v1 & (-0x1) * v1 + (-0x1) * (v0 * v1)) + (-0x1) * (v0 * v1)	v0 + v1 & v0 + (-0x2) * (v0 & (-0x2) * (v1 & (-0x1) * v1 + (-0x1) * (v0 * v1)) + (-0x1) * (v0 * v1)) + (-0x2) * (v1 & (-0x1) * v1 + (-0x1) * (v0 * v1)) + (-0x1) * (v0 * v1)
qsynth_ea.csv	249	structured_lemma_qsynth_ea_csv_249_9	4	1	v1 | ~ v1	(-0x1)
qsynth_ea.csv	249	structured_lemma_qsynth_ea_csv_249_10	7	5	0x0 | (v0) + (v1)	(v0) + (v1)
qsynth_ea.csv	249	structured_lemma_qsynth_ea_csv_249_11	7	5	0x0 ^ (v0) + (v1)	(v0) + (v1)
qsynth_ea.csv	249	structured_lemma_qsynth_ea_csv_249_12	4	1	v1 + (-0x1) * v1	0x0
qsynth_ea.csv	249	structured_lemma_qsynth_ea_csv_249_13	3	2	0x0 + v0	v0
qsynth_ea.csv	249	structured_lemma_qsynth_ea_csv_249_14	3	1	0x0 + 0x2	0x2
qsynth_ea.csv	249	structured_lemma_qsynth_ea_csv_249_15	3	1	0x2 + (-0x2)	0x0
qsynth_ea.csv	249	structured_lemma_qsynth_ea_csv_249_16	37	34	((-0x2) * (v1 & (-0x1) * v1 + (-0x1) * (v0 * v1)) + (-0x1) * (v0 * v1) | v0) + (-0x1) * (v0 & (-0x2) * (v1 & (-0x1) * v1 + (-0x1) * (v0 * v1)) + (-0x1) * (v0 * v1))	v0 + (-0x2) * (v0 & (-0x2) * (v1 & (-0x1) * v1 + (-0x1) * (v0 * v1)) + (-0x1) * (v0 * v1)) + (-0x2) * (v1 & (-0x1) * v1 + (-0x1) * (v0 * v1)) + (-0x1) * (v0 * v1)
qsynth_ea.csv	249	structured_lemma_qsynth_ea_csv_249_17	21	14	((-0x1) * v1 + (-0x1) * (v0 * v1) | ~ v1) + ((-0x1) * v1 + (-0x1) * (v0 * v1) | ~ v1)	(-0x2) + 0x2 * (v1 & (-0x1) * v1 + (-0x1) * (v0 * v1)) + (-0x2) * v1
qsynth_ea.csv	249	structured_lemma_qsynth_ea_csv_249_18	80	75	((v0) + (v1) | v0 + (-0x2) * (v0 & (-0x2) * (v1 & (-0x1) * v1 + (-0x1) * (v0 * v1)) + (-0x1) * (v0 * v1)) + (-0x2) * (v1 & (-0x1) * v1 + (-0x1) * (v0 * v1)) + (-0x1) * (v0 * v1)) + (-0x1) * (v0 + v1 & v0 + (-0x2) * (v0 & (-0x2) * (v1 & (-0x1) * v1 + (-0x1) * (v0 * v1)) + (-0x1) * (v0 * v1)) + (-0x2) * (v1 & (-0x1) * v1 + (-0x1) * (v0 * v1)) + (-0x1) * (v0 * v1))	v1 + 0x2 * v0 + (-0x2) * (v0 & (-0x2) * (v1 & (-0x1) * v1 + (-0x1) * (v0 * v1)) + (-0x1) * (v0 * v1)) + (-0x2) * (v1 & (-0x1) * v1 + (-0x1) * (v0 * v1)) + (-0x2) * (v0 + v1 & v0 + (-0x2) * (v0 & (-0x2) * (v1 & (-0x1) * v1 + (-0x1) * (v0 * v1)) + (-0x1) * (v0 * v1)) + (-0x2) * (v1 & (-0x1) * v1 + (-0x1) * (v0 * v1)) + (-0x1) * (v0 * v1)) + (-0x1) * (v0 * v1)
qsynth_ea.csv	249	structured_lemma_qsynth_ea_csv_249_19	10	6	(v1 ^ ~ v0) + (v1 | v0) * 0x2	(-0x1) + (v0) + (v1)
qsynth_ea.csv	249	structured_lemma_qsynth_ea_csv_249_20	18	15	(0x2 + (-0x2) * (v1 & (-0x1) * v1 + (-0x1) * (v0 * v1)) + (-0x1) * (v0 * v1)) + (-0x2)	(-0x2) * (v1 & (-0x1) * v1 + (-0x1) * (v0 * v1)) + (-0x1) * (v0 * v1)
qsynth_ea.csv	249	structured_lemma_qsynth_ea_csv_249_21	8	5	((-0x1) + (v0) + (v1)) + 0x1	(v0) + (v1)
qsynth_ea.csv	249	structured_lemma_qsynth_ea_csv_249_22	14	5	(0x2 * (v0) + 0x2 * (v1)) + (-0x1) * ((v0) + (v1))	(v0) + (v1)
qsynth_ea.csv	249	structured_lemma_qsynth_ea_csv_249_23	22	16	((-0x2) * v1 + (-0x1) * (v0 * v1)) + (0x2 + 0x2 * v1 + (-0x2) * (v1 & (-0x1) * v1 + (-0x1) * (v0 * v1)))	0x2 + (-0x2) * (v1 & (-0x1) * v1 + (-0x1) * (v0 * v1)) + (-0x1) * (v0 * v1)
qsynth_ea.csv	249	structured_lemma_qsynth_ea_csv_249_24	10	7	((-0x1) * v1 + (-0x1) * (v0 * v1)) + (-0x1) * v1	(-0x2) * v1 + (-0x1) * (v0 * v1)
qsynth_ea.csv	249	structured_lemma_qsynth_ea_csv_249_25	11	7	((v0) + (v1)) + ((v0) + (v1))	0x2 * (v0) + 0x2 * (v1)
qsynth_ea.csv	249	structured_lemma_qsynth_ea_csv_249_26	25	7	(v1 & (-0x1) * v0 + (-0x1)) * (v1 | (-0x1) * v0 + (-0x1)) + (v0 & v1) * (~ v1 & (-0x1) * v0 + (-0x1))	(-0x1) * v1 + (-0x1) * (v0 * v1)
qsynth_ea.csv	249	structured_lemma_qsynth_ea_csv_249_27	3	1	(-0x1) * 0x2	(-0x2)
qsynth_ea.csv	260	structured_lemma_qsynth_ea_csv_260_0	4	4	~ ((-0x1) * (v0))	(-0x1) + (v0)
qsynth_ea.csv	260	structured_lemma_qsynth_ea_csv_260_1	4	4	~ ((-0x1) * (v4))	(-0x1) + (v4)
qsynth_ea.csv	260	structured_lemma_qsynth_ea_csv_260_2	5	5	~ ((-0x1) * (v0 * v4))	(-0x1) + v0 * v4
qsynth_ea.csv	260	structured_lemma_qsynth_ea_csv_260_3	4	3	~ (v0 + (-0x1))	(-0x1) * (v0)
qsynth_ea.csv	260	structured_lemma_qsynth_ea_csv_260_4	11	10	~ ((-0x1) * v0 + (-0x1) * v3 + (v4 & v0 + (-0x1)))	v0 + v3 + (-0x1) + (-0x1) * (v4 & v0 + (-0x1))
qsynth_ea.csv	260	structured_lemma_qsynth_ea_csv_260_5	2	1	(-0x1) * 0x1	(-0x1)
qsynth_ea.csv	260	structured_lemma_qsynth_ea_csv_260_6	5	4	(-0x1) * (0x2 * (v0 * v4))	(-0x2) * (v0 * v4)
qsynth_ea.csv	260	structured_lemma_qsynth_ea_csv_260_7	23	22	(-0x1) * ((-0x1) * v0 + (-0x1) * v3 + (v0 & v0 + v3 + (-0x1) + (-0x1) * (v4 & v0 + (-0x1))) + (v4 & v0 + (-0x1)))	v0 + v3 + (-0x1) * (v0 & v0 + v3 + (-0x1) + (-0x1) * (v4 & v0 + (-0x1))) + (-0x1) * (v4 & v0 + (-0x1))
qsynth_ea.csv	260	structured_lemma_qsynth_ea_csv_260_8	3	3	v4 & v0	v0 & v4
qsynth_ea.csv	260	structured_lemma_qsynth_ea_csv_260_9	6	5	v4 & (-0x1) + (v0)	v4 & v0 + (-0x1)
qsynth_ea.csv	260	structured_lemma_qsynth_ea_csv_260_10	5	4	(-0x1) * (v4) & v0	v0 & (-0x1) * v4
qsynth_ea.csv	260	structured_lemma_qsynth_ea_csv_260_11	6	5	(-0x1) + (v4) & v0	v0 & v4 + (-0x1)
qsynth_ea.csv	260	structured_lemma_qsynth_ea_csv_260_12	4	1	~ v3 | v3	(-0x1)
qsynth_ea.csv	260	structured_lemma_qsynth_ea_csv_260_13	5	2	(-0x1) + (-0x1) * ~ v3	v3
qsynth_ea.csv	260	structured_lemma_qsynth_ea_csv_260_14	4	3	~ v4 + 0x1	(-0x1) * (v4)
qsynth_ea.csv	260	structured_lemma_qsynth_ea_csv_260_15	27	26	0x2 * (v0 * v4) + ((-0x1) * v0 + (-0x1) * v3 + (v0 & v0 + v3 + (-0x1) + (-0x1) * (v4 & v0 + (-0x1))) + (v4 & v0 + (-0x1)))	0x2 * (v0 * v4) + (-0x1) * v0 + (-0x1) * v3 + (v0 & v0 + v3 + (-0x1) + (-0x1) * (v4 & v0 + (-0x1))) + (v4 & v0 + (-0x1))
qsynth_ea.csv	260	structured_lemma_qsynth_ea_csv_260_16	6	6	(-0x2) * (v0 * v4) + (-0x1)	(-0x1) + (-0x2) * (v0 * v4)
qsynth_ea.csv	260	structured_lemma_qsynth_ea_csv_260_17	23	22	(v0 & v0 + v3 + (-0x1) + (-0x1) * (v4 & v0 + (-0x1))) + ((-0x1) * v0 + (-0x1) * v3 + (v4 & v0 + (-0x1)))	(-0x1) * v0 + (-0x1) * v3 + (v0 & v0 + v3 + (-0x1) + (-0x1) * (v4 & v0 + (-0x1))) + (v4 & v0 + (-0x1))
qsynth_ea.csv	260	structured_lemma_qsynth_ea_csv_260_18	9	8	(v4 & v0 + (-0x1)) + (-0x1) * (v0)	(-0x1) * v0 + (v4 & v0 + (-0x1))
qsynth_ea.csv	260	structured_lemma_qsynth_ea_csv_260_19	24	23	(v0 + v3 + (-0x1) * (v0 & v0 + v3 + (-0x1) + (-0x1) * (v4 & v0 + (-0x1))) + (-0x1) * (v4 & v0 + (-0x1))) + (-0x1)	v0 + v3 + (-0x1) + (-0x1) * (v0 & v0 + v3 + (-0x1) + (-0x1) * (v4 & v0 + (-0x1))) + (-0x1) * (v4 & v0 + (-0x1))
qsynth_ea.csv	260	structured_lemma_qsynth_ea_csv_260_20	58	33	(0x1 + 0x2 * (v0 * v4) + (-0x1) * v0 + (-0x1) * v3 + (v0 & v0 + v3 + (-0x1) + (-0x1) * (v4 & v0 + (-0x1))) + (v4 & v0 + (-0x1))) + ((-0x1) + (-0x2) * (v0 * v4) | v0 + v3 + (-0x1) + (-0x1) * (v0 & v0 + v3 + (-0x1) + (-0x1) * (v4 & v0 + (-0x1))) + (-0x1) * (v4 & v0 + (-0x1)))	(-0x1) + (-0x1) * (v0 + v3 + (-0x1) + (-0x1) * (v0 & v0 + v3 + (-0x1) + (-0x1) * (v4 & v0 + (-0x1))) + (-0x1) * (v4 & v0 + (-0x1)) & (-0x1) + (-0x2) * (v0 * v4))
qsynth_ea.csv	260	structured_lemma_qsynth_ea_csv_260_21	8	4	((-0x1) + 0x2 * (v0 * v4)) + 0x1	0x2 * (v0 * v4)
qsynth_ea.csv	260	structured_lemma_qsynth_ea_csv_260_22	13	10	((-0x1) + (-0x1) * v0 + (-0x1) * v3 + (v4 & v0 + (-0x1))) + 0x1	(-0x1) * v0 + (-0x1) * v3 + (v4 & v0 + (-0x1))
qsynth_ea.csv	260	structured_lemma_qsynth_ea_csv_260_23	28	27	(0x2 * (v0 * v4) + (-0x1) * v0 + (-0x1) * v3 + (v0 & v0 + v3 + (-0x1) + (-0x1) * (v4 & v0 + (-0x1))) + (v4 & v0 + (-0x1))) + 0x1	0x1 + 0x2 * (v0 * v4) + (-0x1) * v0 + (-0x1) * v3 + (v0 & v0 + v3 + (-0x1) + (-0x1) * (v4 & v0 + (-0x1))) + (v4 & v0 + (-0x1))
qsynth_ea.csv	260	structured_lemma_qsynth_ea_csv_260_24	12	11	((-0x1) * v0 + (v4 & v0 + (-0x1))) + ~ (v3)	(-0x1) + (-0x1) * v0 + (-0x1) * v3 + (v4 & v0 + (-0x1))
qsynth_ea.csv	260	structured_lemma_qsynth_ea_csv_260_25	9	6	v0 * v4 + ((-0x1) + v0 * v4)	(-0x1) + 0x2 * (v0 * v4)
qsynth_ea.csv	260	structured_lemma_qsynth_ea_csv_260_26	17	3	(v0 & v4) * (v4 | v0) + (v4 & ~ v0) * (~ v4 & v0)	v0 * v4
qsynth_ea.csv	260	structured_lemma_qsynth_ea_csv_260_27	23	4	(v0 & (-0x1) * v4) * ((-0x1) * (v4) | v0) + ((-0x1) * (v4) & ~ v0) * (v0 & v4 + (-0x1))	(-0x1) * (v0 * v4)
qsynth_ea.csv	294	structured_lemma_qsynth_ea_csv_294_0	4	3	~ (v2 + (-0x1))	(-0x1) * (v2)
qsynth_ea.csv	294	structured_lemma_qsynth_ea_csv_294_1	2	1	(-0x1) * 0x1	(-0x1)
qsynth_ea.csv	294	structured_lemma_qsynth_ea_csv_294_2	3	2	v2 & v2	v2
qsynth_ea.csv	294	structured_lemma_qsynth_ea_csv_294_3	4	1	v2 & ~ v2	0x0
qsynth_ea.csv	294	structured_lemma_qsynth_ea_csv_294_4	4	1	~ v2 & v2	0x0
qsynth_ea.csv	294	structured_lemma_qsynth_ea_csv_294_5	5	4	(-0x1) * (v2) & v2	v2 & (-0x1) * v2
qsynth_ea.csv	294	structured_lemma_qsynth_ea_csv_294_6	3	2	v2 | v2	v2
qsynth_ea.csv	294	structured_lemma_qsynth_ea_csv_294_7	5	5	(-0x1) * (v2) | v2	(-0x1) * (v2 & (-0x1) * v2)
qsynth_ea.csv	294	structured_lemma_qsynth_ea_csv_294_8	11	5	(-0x1) * (v2 & (-0x1) * v2) + (-0x1) * (v2 & (-0x1) * v2)	(-0x2) * (v2 & (-0x1) * v2)
qsynth_ea.csv	294	structured_lemma_qsynth_ea_csv_294_9	18	6	(v1 ^ ~ (v2 * v2)) + ((v1 | v2 * v2) + (v1 | v2 * v2))	v1 + (-0x1) + v2 * v2
qsynth_ea.csv	294	structured_lemma_qsynth_ea_csv_294_10	8	5	(v1 + (-0x1) + v2 * v2) + 0x1	v1 + v2 * v2
qsynth_ea.csv	294	structured_lemma_qsynth_ea_csv_294_11	5	3	v2 * v2 + 0x0	v2 * v2
qsynth_ea.csv	294	structured_lemma_qsynth_ea_csv_294_12	33	7	((-0x2) * (v2 & (-0x1) * v2) & v1) * ((-0x2) * (v2 & (-0x1) * v2) | v1) + ((-0x2) * (v2 & (-0x1) * v2) & ~ v1) * (~ ((-0x2) * (v2 & (-0x1) * v2)) & v1)	(-0x2) * (v1 * (v2 & (-0x1) * v2))
qsynth_ea.csv	294	structured_lemma_qsynth_ea_csv_294_13	3	1	0x0 * 0x0	0x0
qsynth_ea.csv	294	structured_lemma_qsynth_ea_csv_294_14	5	3	(v2) * (v2)	v2 * v2
qsynth_ea.csv	369	structured_lemma_qsynth_ea_csv_369_0	28	26	~ ((-0x1) + (-0x1) * v3 + (v3 & (-0x1) + (-0x1) * (v2 * v3) + (-0x1) * (v3 * v3) + (-0x1) * (v3 * (v2 & (-0x1) + (-0x1) * v2 + (-0x1) * v3))))	v3 + (-0x1) * (v3 & (-0x1) + (-0x1) * (v2 * v3) + (-0x1) * (v3 * v3) + (-0x1) * (v3 * (v2 & (-0x1) + (-0x1) * v2 + (-0x1) * v3)))
qsynth_ea.csv	369	structured_lemma_qsynth_ea_csv_369_1	6	2	~ ((-0x1) * (v3) + (-0x1))	v3
qsynth_ea.csv	369	structured_lemma_qsynth_ea_csv_369_2	2	1	(-0x1) * 0x1	(-0x1)
qsynth_ea.csv	369	structured_lemma_qsynth_ea_csv_369_3	4	1	~ v2 | v2	(-0x1)
qsynth_ea.csv	369	structured_lemma_qsynth_ea_csv_369_4	4	1	~ v3 | v3	(-0x1)
qsynth_ea.csv	369	structured_lemma_qsynth_ea_csv_369_5	13	12	(-0x1) * v2 + (-0x1) | (-0x1) * ((v2) + (v3)) + (-0x1)	(-0x1) + (-0x1) * v2 + (v2 & (-0x1) + (-0x1) * v2 + (-0x1) * v3)
qsynth_ea.csv	369	structured_lemma_qsynth_ea_csv_369_6	7	6	v2 + ((v2) + (v3))	(v3) + 0x2 * (v2)
qsynth_ea.csv	369	structured_lemma_qsynth_ea_csv_369_7	5	2	(-0x1) + (-0x1) * ~ v2	v2
qsynth_ea.csv	369	structured_lemma_qsynth_ea_csv_369_8	5	2	(-0x1) + (-0x1) * ~ v3	v3
qsynth_ea.csv	369	structured_lemma_qsynth_ea_csv_369_9	29	27	((-0x1) * (v2 * v3 + v3 * v3 + v3 * (v2 & (-0x1) + (-0x1) * v2 + (-0x1) * v3)) + (-0x1) & (v3)) + ((-0x1) * (v3) + (-0x1))	(-0x1) + (-0x1) * v3 + (v3 & (-0x1) + (-0x1) * (v2 * v3) + (-0x1) * (v3 * v3) + (-0x1) * (v3 * (v2 & (-0x1) + (-0x1) * v2 + (-0x1) * v3)))
qsynth_ea.csv	369	structured_lemma_qsynth_ea_csv_369_10	7	5	(v2 | v3) + (v2 & v3)	(v2) + (v3)
qsynth_ea.csv	369	structured_lemma_qsynth_ea_csv_369_11	67	61	((v2) + (v3) | (-0x1) + (-0x1) * v3 + (v3 & (-0x1) + (-0x1) * (v2 * v3) + (-0x1) * (v3 * v3) + (-0x1) * (v3 * (v2 & (-0x1) + (-0x1) * v2 + (-0x1) * v3)))) + ((v2) + (v3) | (-0x1) + (-0x1) * v3 + (v3 & (-0x1) + (-0x1) * (v2 * v3) + (-0x1) * (v3 * v3) + (-0x1) * (v3 * (v2 & (-0x1) + (-0x1) * v2 + (-0x1) * v3))))	(-0x2) + 0x2 * (v3 & v2 + v3) + 0x2 * (v3 & (-0x1) + (-0x1) * (v2 * v3) + (-0x1) * (v3 * v3) + (-0x1) * (v3 * (v2 & (-0x1) + (-0x1) * v2 + (-0x1) * v3))) + (-0x2) * v3 + (-0x2) * (v3 & v2 + v3 & (-0x1) + (-0x1) * (v2 * v3) + (-0x1) * (v3 * v3) + (-0x1) * (v3 * (v2 & (-0x1) + (-0x1) * v2 + (-0x1) * v3)))
qsynth_ea.csv	369	structured_lemma_qsynth_ea_csv_369_12	94	26	((v2) + (v3) ^ v3 + (-0x1) * (v3 & (-0x1) + (-0x1) * (v2 * v3) + (-0x1) * (v3 * v3) + (-0x1) * (v3 * (v2 & (-0x1) + (-0x1) * v2 + (-0x1) * v3)))) + ((-0x2) + 0x2 * (v3 & v2 + v3) + 0x2 * (v3 & (-0x1) + (-0x1) * (v2 * v3) + (-0x1) * (v3 * v3) + (-0x1) * (v3 * (v2 & (-0x1) + (-0x1) * v2 + (-0x1) * v3))) + (-0x2) * v3 + (-0x2) * (v3 & v2 + v3 & (-0x1) + (-0x1) * (v2 * v3) + (-0x1) * (v3 * v3) + (-0x1) * (v3 * (v2 & (-0x1) + (-0x1) * v2 + (-0x1) * v3))))	v2 + (-0x2) + (v3 & (-0x1) + (-0x1) * (v2 * v3) + (-0x1) * (v3 * v3) + (-0x1) * (v3 * (v2 & (-0x1) + (-0x1) * v2 + (-0x1) * v3)))
qsynth_ea.csv	369	structured_lemma_qsynth_ea_csv_369_13	28	26	(v2 + (-0x2) + (v3 & (-0x1) + (-0x1) * (v2 * v3) + (-0x1) * (v3 * v3) + (-0x1) * (v3 * (v2 & (-0x1) + (-0x1) * v2 + (-0x1) * v3)))) + 0x1	v2 + (-0x1) + (v3 & (-0x1) + (-0x1) * (v2 * v3) + (-0x1) * (v3 * v3) + (-0x1) * (v3 * (v2 & (-0x1) + (-0x1) * v2 + (-0x1) * v3)))
qsynth_ea.csv	369	structured_lemma_qsynth_ea_csv_369_14	20	11	(0x1 + (v3) + 0x2 * (v2)) + ((-0x1) + (-0x1) * v2 + (v2 & (-0x1) + (-0x1) * v2 + (-0x1) * v3))	v2 + v3 + (v2 & (-0x1) + (-0x1) * v2 + (-0x1) * v3)
qsynth_ea.csv	369	structured_lemma_qsynth_ea_csv_369_15	8	7	((v3) + 0x2 * (v2)) + 0x1	0x1 + (v3) + 0x2 * (v2)
qsynth_ea.csv	369	structured_lemma_qsynth_ea_csv_369_16	57	17	(v2 + v3 + (v2 & (-0x1) + (-0x1) * v2 + (-0x1) * v3) & v3) * (v2 + v3 + (v2 & (-0x1) + (-0x1) * v2 + (-0x1) * v3) | v3) + (v2 + v3 + (v2 & (-0x1) + (-0x1) * v2 + (-0x1) * v3) & ~ v3) * (~ (v2 + v3 + (v2 & (-0x1) + (-0x1) * v2 + (-0x1) * v3)) & v3)	v2 * v3 + v3 * v3 + v3 * (v2 & (-0x1) + (-0x1) * v2 + (-0x1) * v3)
qsynth_ea.csv	369	structured_lemma_qsynth_ea_csv_369_17	12	5	(v3 | v2) * 0x2 + (-0x1) * (v3 ^ v2)	(v2) + (v3)
qsynth_ea.csv	392	structured_lemma_qsynth_ea_csv_392_0	2	1	~ 0x0	(-0x1)
qsynth_ea.csv	392	structured_lemma_qsynth_ea_csv_392_1	2	1	(-0x1) * 0x0	0x0
qsynth_ea.csv	392	structured_lemma_qsynth_ea_csv_392_2	2	1	(-0x1) * 0x1	(-0x1)
qsynth_ea.csv	392	structured_lemma_qsynth_ea_csv_392_3	2	1	(-0x1) * 0x2	(-0x2)
qsynth_ea.csv	392	structured_lemma_qsynth_ea_csv_392_4	2	1	(-0x1) * (-0x2)	0x2
qsynth_ea.csv	392	structured_lemma_qsynth_ea_csv_392_5	12	11	(-0x1) * (v3 + 0x3 * v4 + (-0x1) * (0x2 * v4 & v3 + v4))	(-0x3) * v4 + (-0x1) * v3 + (0x2 * v4 & v3 + v4)
qsynth_ea.csv	392	structured_lemma_qsynth_ea_csv_392_6	27	1	0x0 & v3 + 0x3 * v4 + (-0x1) * (0x2 * v4 & v3 + v4) + (v3 & (-0x1) + (-0x3) * v4 + (-0x1) * v3 + (0x2 * v4 & v3 + v4))	0x0
qsynth_ea.csv	392	structured_lemma_qsynth_ea_csv_392_7	3	2	v4 | v4	v4
qsynth_ea.csv	392	structured_lemma_qsynth_ea_csv_392_8	4	1	v4 | ~ v4	(-0x1)
qsynth_ea.csv	392	structured_lemma_qsynth_ea_csv_392_9	27	25	0x0 | v3 + 0x3 * v4 + (-0x1) * (0x2 * v4 & v3 + v4) + (v3 & (-0x1) + (-0x3) * v4 + (-0x1) * v3 + (0x2 * v4 & v3 + v4))	v3 + 0x3 * v4 + (-0x1) * (0x2 * v4 & v3 + v4) + (v3 & (-0x1) + (-0x3) * v4 + (-0x1) * v3 + (0x2 * v4 & v3 + v4))
qsynth_ea.csv	392	structured_lemma_qsynth_ea_csv_392_10	3	1	v4 ^ v4	0x0
qsynth_ea.csv	392	structured_lemma_qsynth_ea_csv_392_11	4	1	v4 + (-0x1) * v4	0x0
qsynth_ea.csv	392	structured_lemma_qsynth_ea_csv_392_12	3	1	0x0 + 0x2	0x2
qsynth_ea.csv	392	structured_lemma_qsynth_ea_csv_392_13	3	1	0x2 + (-0x2)	0x0
qsynth_ea.csv	392	structured_lemma_qsynth_ea_csv_392_14	3	1	(-0x1) + 0x1	0x0
qsynth_ea.csv	392	structured_lemma_qsynth_ea_csv_392_15	5	3	0x2 * (v4) + 0x0	0x2 * (v4)
qsynth_ea.csv	392	structured_lemma_qsynth_ea_csv_392_16	14	11	((v3) + (v4) & ~ (0x2 * (v4))) + 0x2 * (v4)	v3 + 0x3 * v4 + (-0x1) * (0x2 * v4 & v3 + v4)
qsynth_ea.csv	392	structured_lemma_qsynth_ea_csv_392_17	7	5	(v3 | v4) + (v3 & v4)	(v3) + (v4)
qsynth_ea.csv	392	structured_lemma_qsynth_ea_csv_392_18	13	12	(v3 + 0x3 * v4 + (-0x1) * (0x2 * v4 & v3 + v4)) + v3	0x2 * v3 + 0x3 * v4 + (-0x1) * (0x2 * v4 & v3 + v4)
qsynth_ea.csv	392	structured_lemma_qsynth_ea_csv_392_19	27	25	(v3 + 0x3 * v4 + (-0x1) * (0x2 * v4 & v3 + v4) + (v3 & (-0x1) + (-0x3) * v4 + (-0x1) * v3 + (0x2 * v4 & v3 + v4))) + 0x0	v3 + 0x3 * v4 + (-0x1) * (0x2 * v4 & v3 + v4) + (v3 & (-0x1) + (-0x3) * v4 + (-0x1) * v3 + (0x2 * v4 & v3 + v4))
qsynth_ea.csv	392	structured_lemma_qsynth_ea_csv_392_20	31	25	(0x1 + 0x2 * v3 + 0x3 * v4 + (-0x1) * (0x2 * v4 & v3 + v4)) + ((-0x1) + (-0x3) * v4 + (-0x1) * v3 + (0x2 * v4 & v3 + v4) | (-0x1) * v3 + (-0x1))	v3 + 0x3 * v4 + (-0x1) * (0x2 * v4 & v3 + v4) + (v3 & (-0x1) + (-0x3) * v4 + (-0x1) * v3 + (0x2 * v4 & v3 + v4))
qsynth_ea.csv	392	structured_lemma_qsynth_ea_csv_392_21	14	13	(0x2 * v3 + 0x3 * v4 + (-0x1) * (0x2 * v4 & v3 + v4)) + 0x1	0x1 + 0x2 * v3 + 0x3 * v4 + (-0x1) * (0x2 * v4 & v3 + v4)
qsynth_ea.csv	392	structured_lemma_qsynth_ea_csv_392_22	13	12	((-0x3) * v4 + (-0x1) * v3 + (0x2 * v4 & v3 + v4)) + (-0x1)	(-0x1) + (-0x3) * v4 + (-0x1) * v3 + (0x2 * v4 & v3 + v4)
qsynth_ea.csv	392	structured_lemma_qsynth_ea_csv_392_23	3	1	(-0x1) * 0x2	(-0x2)
qsynth_ea.csv	392	structured_lemma_qsynth_ea_csv_392_24	4	3	(v4) * 0x2	0x2 * (v4)
qsynth_ea.csv	423	structured_lemma_qsynth_ea_csv_423_0	2	1	(-0x1) * 0x0	0x0
qsynth_ea.csv	423	structured_lemma_qsynth_ea_csv_423_1	2	1	(-0x1) * 0x1	(-0x1)
qsynth_ea.csv	423	structured_lemma_qsynth_ea_csv_423_2	7	6	(-0x1) * ~ ((v0) + (v2))	0x1 + (v0) + (v2)
qsynth_ea.csv	423	structured_lemma_qsynth_ea_csv_423_3	4	3	(-0x1) * (0x2 * (v0))	(-0x2) * (v0)
qsynth_ea.csv	423	structured_lemma_qsynth_ea_csv_423_4	3	2	v0 | v0	v0
qsynth_ea.csv	423	structured_lemma_qsynth_ea_csv_423_5	3	1	v0 ^ v0	0x0
qsynth_ea.csv	423	structured_lemma_qsynth_ea_csv_423_6	12	10	v0 + (v2 + 0x3 * v0 + (v2 & (-0x1) + (-0x2) * v0))	v2 + 0x4 * v0 + (v2 & (-0x1) + (-0x2) * v0)
qsynth_ea.csv	423	structured_lemma_qsynth_ea_csv_423_7	5	3	0x2 * (v0) + 0x0	0x2 * (v0)
qsynth_ea.csv	423	structured_lemma_qsynth_ea_csv_423_8	5	5	(-0x2) * (v0) + (-0x1)	(-0x1) + (-0x2) * (v0)
qsynth_ea.csv	423	structured_lemma_qsynth_ea_csv_423_9	13	10	(v2 + 0x1 + 0x3 * v0 + (v2 & (-0x1) + (-0x2) * v0)) + (-0x1)	v2 + 0x3 * v0 + (v2 & (-0x1) + (-0x2) * v0)
qsynth_ea.csv	423	structured_lemma_qsynth_ea_csv_423_10	30	25	(v2 + 0x1 + 0x4 * v0 + (v2 & (-0x1) + (-0x2) * v0)) + ((-0x1) * v0 + (-0x1) | (-0x1) * (v2 + 0x3 * v0 + (v2 & (-0x1) + (-0x2) * v0)) + (-0x1))	v2 + 0x3 * v0 + (v0 & (-0x1) + (-0x3) * v0 + (-0x1) * v2 + (-0x1) * (v2 & (-0x1) + (-0x2) * v0)) + (v2 & (-0x1) + (-0x2) * v0)
qsynth_ea.csv	423	structured_lemma_qsynth_ea_csv_423_11	12	11	(v2 + 0x4 * v0 + (v2 & (-0x1) + (-0x2) * v0)) + 0x1	v2 + 0x1 + 0x4 * v0 + (v2 & (-0x1) + (-0x2) * v0)
qsynth_ea.csv	423	structured_lemma_qsynth_ea_csv_423_12	7	5	(v2 + (-0x1) * ~ v0) + (-0x1)	(v0) + (v2)
qsynth_ea.csv	423	structured_lemma_qsynth_ea_csv_423_13	16	11	(0x2 * v0 + (v2 & (-0x1) + (-0x2) * v0)) + (0x1 + (v0) + (v2))	v2 + 0x1 + 0x3 * v0 + (v2 & (-0x1) + (-0x2) * v0)
qsynth_ea.csv	423	structured_lemma_qsynth_ea_csv_423_14	18	9	((v2 + 0x2 * (v0)) + 0x1) + ((-0x1) * v2 + (-0x1) | (-0x1) + (-0x2) * (v0))	0x2 * v0 + (v2 & (-0x1) + (-0x2) * v0)
qsynth_ea.csv	423	structured_lemma_qsynth_ea_csv_423_15	4	3	(v0) * 0x2	0x2 * (v0)
qsynth_ea.csv	481	structured_lemma_qsynth_ea_csv_481_0	4	4	~ ((-0x1) * (v1))	(-0x1) + (v1)
qsynth_ea.csv	481	structured_lemma_qsynth_ea_csv_481_1	4	3	~ (v1 + (-0x1))	(-0x1) * (v1)
qsynth_ea.csv	481	structured_lemma_qsynth_ea_csv_481_2	6	4	~ ((-0x1) + (v0 & v1))	(-0x1) * (v0 & v1)
qsynth_ea.csv	481	structured_lemma_qsynth_ea_csv_481_3	2	1	(-0x1) * 0x1	(-0x1)
qsynth_ea.csv	481	structured_lemma_qsynth_ea_csv_481_4	13	12	(-0x1) * ((-0x2) * (v0 & v1) + (-0x2) * (v0 & (-0x1) * (v0 & v1)))	0x2 * (v0 & v1) + 0x2 * (v0 & (-0x1) * (v0 & v1))
qsynth_ea.csv	481	structured_lemma_qsynth_ea_csv_481_5	6	5	(-0x1) + (v1) & v1	v1 & v1 + (-0x1)
qsynth_ea.csv	481	structured_lemma_qsynth_ea_csv_481_6	5	5	(v0 & v1) + (-0x1)	(-0x1) + (v0 & v1)
qsynth_ea.csv	481	structured_lemma_qsynth_ea_csv_481_7	15	12	(~ v0 & (-0x1) * (v0 & v1)) + (~ v0 & (-0x1) * (v0 & v1))	(-0x2) * (v0 & v1) + (-0x2) * (v0 & (-0x1) * (v0 & v1))
qsynth_ea.csv	481	structured_lemma_qsynth_ea_csv_481_8	13	3	((-0x1) * (v1) & ~ v1) + (-0x1) * (v1 & v1 + (-0x1))	(-0x2) * (v1)
qsynth_ea.csv	481	structured_lemma_qsynth_ea_csv_481_9	8	3	(~ v1 | v0) + (-0x1) * ~ v1	v0 & v1
qsynth_ea.csv	481	structured_lemma_qsynth_ea_csv_481_10	19	6	(v0 ^ (-0x1) * (v0 & v1)) + (0x2 * (v0 & v1) + 0x2 * (v0 & (-0x1) * (v0 & v1)))	(v0) + (v0 & v1)
qsynth_ea.csv	481	structured_lemma_qsynth_ea_csv_481_11	17	16	(((v0 * v2 & ~ v0) + v0) + ((v0) + (v0 & v1))) + 0x1	0x1 + 0x2 * v0 + (-0x1) * (v0 & v0 * v2) + (v0 & v1) + v0 * v2
qsynth_ea.csv	481	structured_lemma_qsynth_ea_csv_481_12	17	3	(v0 & v2) * (v0 | v2) + (v0 & ~ v2) * (~ v0 & v2)	v0 * v2
qsynth_ea.csv	486	structured_lemma_qsynth_ea_csv_486_0	4	3	~ (v2 + (-0x1))	(-0x1) * (v2)
qsynth_ea.csv	486	structured_lemma_qsynth_ea_csv_486_1	14	13	~ ((-0x1) + (v0 & v2) + (v1 & v2) + (-0x1) * (v0 & v1 & v2))	(-0x1) * (v0 & v2) + (-0x1) * (v2 & v1) + (v0 & v2 & v1)
qsynth_ea.csv	486	structured_lemma_qsynth_ea_csv_486_2	14	13	~ ((-0x1) * (v0 & v2) + (-0x1) * (v2 & v1) + (v0 & v2 & v1))	(-0x1) + (v0 & v2) + (v1 & v2) + (-0x1) * (v0 & v1 & v2)
qsynth_ea.csv	486	structured_lemma_qsynth_ea_csv_486_3	2	1	(-0x1) * 0x1	(-0x1)
qsynth_ea.csv	486	structured_lemma_qsynth_ea_csv_486_4	19	17	(-0x1) + (v0 & v2) + (v1 & v2) + (-0x1) * (v0 & v1 & v2) & (v1) + (v2)	v1 + v2 & (-0x1) + (-0x1) * (v0 & v1 & v2) + (v0 & v2) + (v1 & v2)
qsynth_ea.csv	486	structured_lemma_qsynth_ea_csv_486_5	19	17	(-0x1) * (v0 & v2) + (-0x1) * (v2 & v1) + (v0 & v2 & v1) & (v1) + (v2)	v1 + v2 & (-0x1) * (v0 & v2) + (-0x1) * (v1 & v2) + (v0 & v1 & v2)
qsynth_ea.csv	486	structured_lemma_qsynth_ea_csv_486_6	7	5	~ (v0 & (-0x1) * v2) + 0x1	(-0x1) * (v0 & (-0x1) * v2)
qsynth_ea.csv	486	structured_lemma_qsynth_ea_csv_486_7	7	5	(v1 | v2) + (v1 & v2)	(v1) + (v2)
qsynth_ea.csv	486	structured_lemma_qsynth_ea_csv_486_8	10	4	(~ v0 | (-0x1) * (v2)) + (-0x1) * ~ v0	v0 & (-0x1) * v2
qsynth_ea.csv	486	structured_lemma_qsynth_ea_csv_486_9	88	86	((-0x1) * (v0 & (-0x1) * v2) | (-0x1) * (v1 * (v0 & v2)) + (-0x1) * (v1 * (v1 & v2)) + (-0x1) * (v2 * (v0 & v2)) + (-0x1) * (v2 * (v1 & v2)) + v1 * (v0 & v1 & v2) + v2 * (v0 & v1 & v2)) + (-0x1) * ((-0x1) * (v0 & (-0x1) * v2) & (-0x1) * (v1 * (v0 & v2)) + (-0x1) * (v1 * (v1 & v2)) + (-0x1) * (v2 * (v0 & v2)) + (-0x1) * (v2 * (v1 & v2)) + v1 * (v0 & v1 & v2) + v2 * (v0 & v1 & v2))	(-0x2) * ((-0x1) * (v0 & (-0x1) * v2) & (-0x1) * (v1 * (v0 & v2)) + (-0x1) * (v1 * (v1 & v2)) + (-0x1) * (v2 * (v0 & v2)) + (-0x1) * (v2 * (v1 & v2)) + v1 * (v0 & v1 & v2) + v2 * (v0 & v1 & v2)) + (-0x1) * (v0 & (-0x1) * v2) + (-0x1) * (v1 * (v0 & v2)) + (-0x1) * (v1 * (v1 & v2)) + (-0x1) * (v2 * (v0 & v2)) + (-0x1) * (v2 * (v1 & v2)) + v1 * (v0 & v1 & v2) + v2 * (v0 & v1 & v2)
qsynth_ea.csv	486	structured_lemma_qsynth_ea_csv_486_10	14	13	((v0 & v2) + (v1 & v2) + (-0x1) * (v0 & v1 & v2)) + (-0x1)	(-0x1) + (v0 & v2) + (v1 & v2) + (-0x1) * (v0 & v1 & v2)
qsynth_ea.csv	486	structured_lemma_qsynth_ea_csv_486_11	13	12	((~ v2 | (v0 & ~ v1) + v1) + v2) + 0x1	(v0 & v2) + (v1 & v2) + (-0x1) * (v0 & v1 & v2)
qsynth_ea.csv	486	structured_lemma_qsynth_ea_csv_486_12	76	37	(v1 + v2 & (-0x1) * (v0 & v2) + (-0x1) * (v1 & v2) + (v0 & v1 & v2)) * ((-0x1) * (v0 & v2) + (-0x1) * (v2 & v1) + (v0 & v2 & v1) | (v1) + (v2)) + ((-0x1) * (v0 & v2) + (-0x1) * (v2 & v1) + (v0 & v2 & v1) & ~ ((v1) + (v2))) * (v1 + v2 & (-0x1) + (-0x1) * (v0 & v1 & v2) + (v0 & v2) + (v1 & v2))	(-0x1) * (v1 * (v0 & v2)) + (-0x1) * (v1 * (v1 & v2)) + (-0x1) * (v2 * (v0 & v2)) + (-0x1) * (v2 * (v1 & v2)) + v1 * (v0 & v1 & v2) + v2 * (v0 & v1 & v2)
